Country,Month,Average_Temperature
Afghanistan,January,0.8942307692307693
Albania,January,6.4
Algeria,January,9.15518394648829
American Samoa,January,27.314285714285713
Andorra,January,-2.8
Angola,January,22.328301886792456
Anguilla,January,26.05
Antarctica,January,-5.394285714285715
Antigua and Barbuda,January,24.49230769230769
Argentina,January,23.869609079445144
Armenia,January,-6.157142857142857
Aruba,January,26.727272727272723
Ascension Island,January,26.0
Australia,January,
Austria,January,-2.643925233644859
Azerbaijan,January,1.0292307692307692
Bahrain,January,16.0
Bangladesh,January,18.72391304347826
Barbados,January,25.322222222222223
Belarus,January,-6.310000000000002
Belgium,January,1.8296296296296293
Belize,January,22.73
Benin,January,26.88157894736842
Bermuda,January,17.96
Bhutan,January,7.5
Bolivia,January,18.915642458100557
Bosnia and Herzegovina,January,0.3076923076923077
Botswana,January,25.7280701754386
Brazil,January,
British Indian Ocean Territory,January,27.0
British Virgin Islands,January,24.5
Brunei,January,26.0
Bulgaria,January,-0.7500000000000002
Burkina Faso,January,24.79310344827585
Burundi,January,20.108695652173914
Cambodia,January,25.136363636363633
Cameroon,January,23.73381294964028
Canada,January,
Cape Verde,January,20.404761904761905
Cayman Islands,January,24.75
Central African Republic,January,24.63255813953489
Chad,January,23.822
Channel Islands,January,6.25
Chile,January,16.33
China,January,-0.44496029321930325
Christmas Island,January,25.8
Cocos Islands,January,27.0
Colombia,January,23.55735294117647
Comoros,January,25.164999999999996
Cook Islands,January,26.741666666666664
Costa Rica,January,23.91304347826087
Cote d'Ivoire,January,25.947826086956525
Croatia,January,5.303571428571429
Cuba,January,22.466666666666665
Curaçao,January,26.0
Cyprus,January,11.375
Czech Republic,January,-2.2733333333333334
Democratic Republic of the Congo,January,23.777272727272738
Denmark,January,1.45
Djibouti,January,24.133333333333336
Dominica,January,24.0
Dominican Republic,January,22.903225806451612
East Timor,January,24.75
Ecuador,January,20.3972972972973
Egypt,January,13.546428571428569
El Salvador,January,22.333333333333332
Equatorial Guinea,January,24.936363636363637
Eritrea,January,19.978571428571428
Estonia,January,-4.214814814814814
Eswatini,January,23.266666666666662
Ethiopia,January,18.422500000000007
Europa Island,January,28.0
Falkland Islands,January,9.333333333333334
Faroe Islands,January,3.0
Federated States of Micronesia,January,27.115151515151517
Fiji,January,26.25
Finland,January,-8.226829268292683
France,January,4.287064676616918
French Guiana,January,25.2375
French Polynesia,January,26.019047619047623
French Southern and Antarctic Lands,January,11.0
Gabon,January,25.520588235294113
Gaza Strip,January,13.0
Georgia,January,4.688888888888889
Germany,January,-0.5039999999999999
Ghana,January,26.825675675675672
Gibraltar,January,13.0
Glorioso Islands,January,28.0
Greece,January,8.749397590361447
Greenland,January,-13.778813559322028
Grenada,January,25.55
Guadeloupe,January,23.833333333333332
Guam,January,26.174999999999997
Guatemala,January,18.90909090909091
Guinea,January,24.304761904761907
Guinea-Bissau,January,25.21666666666667
Guyana,January,25.59090909090909
Haiti,January,22.83484848484849
Holy See,January,8.0
Honduras,January,23.823529411764707
Hungary,January,-1.2363636363636363
Iceland,January,-1.6363636363636365
India,January,17.30737463126845
Indian Ocean Island,January,27.0
Indonesia,January,26.09023861171367
Iran,January,3.608974358974358
Iraq,January,9.236486486486484
Ireland,January,5.388888888888889
Isle of Man,January,5.55
Israel,January,13.085185185185184
Italy,January,5.815183246073297
Jamaica,January,24.1
Japan,January,4.117999999999999
Jordan,January,8.636363636363637
Juan de Nova Island,January,28.0
Kazakhstan,January,-11.780921052631573
Kenya,January,21.32519685039369
Kiribati,January,27.25
Kosovo,January,-0.9
Kuwait,January,12.285714285714286
Kyrgyzstan,January,-7.0181818181818185
Laos,January,20.779999999999998
Latvia,January,-3.1090909090909093
Lebanon,January,8.875
Lesotho,January,19.316666666666663
Liberia,January,24.675000000000004
Libya,January,11.809090909090907
Liechtenstein,January,2.3
Lithuania,January,-4.071428571428571
Luxembourg,January,1.0
Macedonia,January,0.5
Madagascar,January,24.13560606060606
Malawi,January,22.997368421052634
Malaysia,January,25.580487804878047
Maldives,January,27.599999999999998
Mali,January,23.476470588235298
Malta,January,12.446153846153845
Marshall Islands,January,27.099999999999998
Martinique,January,24.575000000000003
Mauritania,January,21.066666666666666
Mauritius,January,26.068749999999998
Mayotte,January,27.0
Mexico,January,
Moldova,January,-2.9
Monaco,January,8.4
Mongolia,January,-20.80111111111111
Montenegro,January,3.909090909090909
Montserrat,January,26.0
Morocco,January,11.052941176470577
Mozambique,January,25.88048780487805
Myanmar,January,21.677500000000002
Namibia,January,23.989583333333332
Nauru,January,27.0
Nepal,January,9.939999999999998
Netherlands,January,2.1333333333333333
Netherlands Antilles,January,26.175
New Caledonia,January,26.172222222222224
New Zealand,January,16.870270270270254
Nicaragua,January,25.09090909090909
Niger,January,21.764705882352942
Nigeria,January,24.815686274509797
Niue,January,26.0
Norfolk Island,January,21.5
North Korea,January,-8.0
Northern Mariana Islands,January,25.96666666666667
Norway,January,-3.9817863397548168
Oceania,January,23.775
Oman,January,19.19736842105263
Pakistan,January,10.50945945945946
Palau,January,27.1
Panama,January,25.67460317460317
Papua New Guinea,January,25.178846153846163
Paracel Islands,January,23.0
Paraguay,January,26.86528497409328
Peru,January,17.351197604790425
Philippines,January,25.12702702702703
Pitcairn Islands,January,23.0
Poland,January,-3.0285714285714285
Portugal,January,10.881666666666668
Puerto Rico,January,23.018749999999997
Qatar,January,17.2
Republic of Congo,January,24.549999999999997
Reunion,January,26.5
Romania,January,-2.7722222222222226
Russia,January,-18.100120627261767
Rwanda,January,19.149999999999995
Saint Barthélemy,January,26.0
Saint Helena,January,18.166666666666668
Saint Kitts and Nevis,January,25.0
Saint Lucia,January,26.03333333333333
Saint Martin,January,25.5
Saint Pierre and Miquelon,January,-2.0
Saint Vincent and the Grenadines,January,24.6
Samoa,January,26.0
San Marino,January,5.0
Sao Tome and Principe,January,25.639999999999997
Saudi Arabia,January,15.578703703703706
Senegal,January,23.823809523809523
Serbia,January,-0.7374999999999999
Seychelles,January,26.733333333333334
Sierra Leone,January,25.206097560975618
Singapore,January,26.183333333333334
Sint Maarten,January,25.0
Slovakia,January,-4.025
Slovenia,January,-1.50625
Solomon Islands,January,26.8125
Somalia,January,25.308771929824562
South Africa,January,21.849473684210537
South Georgia and The South Sandwich Islands,January,5.0
South Korea,January,-1.0876288659793814
South Sudan,January,26.523809523809526
Spain,January,9.417391304347827
Sri Lanka,January,24.257142857142856
Sudan,January,22.73928571428571
Suriname,January,25.53846153846154
Sweden,January,-5.583333333333334
Switzerland,January,-2.6971153846153846
Syria,January,6.955555555555556
Taiwan,January,15.104000000000001
Tajikistan,January,-2.294285714285714
Tanzania,January,23.16354166666666
Thailand,January,24.0943661971831
The Bahamas,January,21.427272727272726
The Gambia,January,24.585869565217372
Togo,January,26.458333333333332
Tokelau,January,27.5
Tonga,January,26.144444444444442
Trinidad and Tobago,January,25.18
Tromelin Island,January,30.0
Tunisia,January,10.746103896103902
Turkey,January,3.0351111111111115
Turkmenistan,January,1.6176470588235297
Turks and Caicos Islands,January,24.0
Tuvalu,January,28.0
U.S. Virgin Islands,January,24.633333333333333
Uganda,January,21.967499999999998
Ukraine,January,-3.4769230769230766
United Arab Emirates,January,18.17142857142857
United Kingdom,January,
United States of America,January,
Uruguay,January,22.950000000000003
Uzbekistan,January,-0.3372881355932206
Vanuatu,January,25.87777777777778
Venezuela,January,23.642148760330578
Vietnam,January,20.19811320754717
Wake Island,January,25.4
Wallis and Futuna,January,27.45
West Bank,January,7.333333333333333
Western Sahara,January,17.05
Yemen,January,23.428571428571427
Zambia,January,22.344155844155843
Zimbabwe,January,22.448648648648646
Afghanistan,February,3.0372549019607846
Albania,February,6.7272727272727275
Algeria,February,10.378929765886284
American Samoa,February,27.4
Andorra,February,-0.8999999999999999
Angola,February,22.601886792452827
Anguilla,February,25.8
Antarctica,February,-8.269047619047619
Antigua and Barbuda,February,24.49230769230769
Argentina,February,22.99886506935687
Armenia,February,-4.471428571428571
Aruba,February,27.727272727272734
Ascension Island,February,27.0
Australia,February,
Austria,February,-1.406060606060606
Azerbaijan,February,1.8738461538461537
Bahrain,February,17.5
Bangladesh,February,21.206521739130437
Barbados,February,25.233333333333334
Belarus,February,-5.413333333333335
Belgium,February,2.2413793103448274
Belize,February,23.44
Benin,February,28.63157894736842
Bermuda,February,17.32
Bhutan,February,9.600000000000001
Bolivia,February,18.607777777777777
Bosnia and Herzegovina,February,1.6666666666666667
Botswana,February,24.880701754385946
Brazil,February,
British Indian Ocean Territory,February,27.0
British Virgin Islands,February,24.0
Brunei,February,26.5
Bulgaria,February,0.4750000000000001
Burkina Faso,February,27.667241379310347
Burundi,February,20.178260869565218
Cambodia,February,26.563636363636363
Cameroon,February,24.93669064748201
Canada,February,
Cape Verde,February,20.152380952380955
Cayman Islands,February,24.75
Central African Republic,February,26.24651162790698
Chad,February,26.264
Channel Islands,February,6.0
Chile,February,16.146666666666665
China,February,1.6546068796068778
Christmas Island,February,25.8
Cocos Islands,February,27.0
Colombia,February,23.89264705882353
Comoros,February,25.250000000000004
Cook Islands,February,26.916666666666668
Costa Rica,February,24.41304347826087
Cote d'Ivoire,February,27.488405797101443
Croatia,February,4.930555555555555
Cuba,February,22.633333333333333
Curaçao,February,26.5
Cyprus,February,11.662499999999998
Czech Republic,February,-1.895
Democratic Republic of the Congo,February,24.078409090909098
Denmark,February,0.7111111111111111
Djibouti,February,24.88
Dominica,February,24.0
Dominican Republic,February,23.29032258064516
East Timor,February,24.5
Ecuador,February,20.491891891891893
Egypt,February,14.697023809523806
El Salvador,February,22.5
Equatorial Guinea,February,25.327272727272724
Eritrea,February,20.807142857142857
Estonia,February,-4.84074074074074
Eswatini,February,23.128571428571426
Ethiopia,February,19.51166666666666
Europa Island,February,28.0
Falkland Islands,February,9.666666666666666
Faroe Islands,February,3.0
Federated States of Micronesia,February,27.145454545454548
Fiji,February,26.3125
Finland,February,-8.178048780487805
France,February,4.767757009345794
French Guiana,February,25.3625
French Polynesia,February,26.114285714285717
French Southern and Antarctic Lands,February,11.4
Gabon,February,25.69705882352942
Gaza Strip,February,14.0
Georgia,February,5.411111111111111
Germany,February,0.3794642857142857
Ghana,February,28.20810810810811
Gibraltar,February,13.0
Glorioso Islands,February,28.0
Greece,February,9.326506024096386
Greenland,February,-14.776666666666666
Grenada,February,25.55
Guadeloupe,February,23.833333333333332
Guam,February,26.133333333333336
Guatemala,February,19.636363636363637
Guinea,February,25.769047619047623
Guinea-Bissau,February,26.527777777777782
Guyana,February,25.722727272727273
Haiti,February,23.14848484848485
Holy See,February,8.0
Honduras,February,24.294117647058822
Hungary,February,0.5545454545454546
Iceland,February,-1.1111111111111112
India,February,19.371533923303843
Indian Ocean Island,February,27.0
Indonesia,February,26.194360086767908
Iran,February,5.540851063829784
Iraq,February,11.713513513513512
Ireland,February,5.5666666666666655
Isle of Man,February,5.35
Israel,February,13.799999999999999
Italy,February,6.585567010309282
Jamaica,February,24.1
Japan,February,4.440796019900496
Jordan,February,10.090909090909092
Juan de Nova Island,February,28.0
Kazakhstan,February,-11.112913907284772
Kenya,February,21.881102362204725
Kiribati,February,27.339999999999996
Kosovo,February,2.0
Kuwait,February,14.857142857142858
Kyrgyzstan,February,-4.909375000000001
Laos,February,22.323333333333334
Latvia,February,-3.4909090909090907
Lebanon,February,9.5
Lesotho,February,18.28333333333333
Liberia,February,25.600000000000005
Libya,February,13.302597402597408
Liechtenstein,February,1.7
Lithuania,February,-3.6
Luxembourg,February,1.457142857142857
Macedonia,February,2.8846153846153846
Madagascar,February,24.219696969696976
Malawi,February,22.818421052631574
Malaysia,February,25.900000000000002
Maldives,February,27.599999999999998
Mali,February,26.284313725490193
Malta,February,12.676923076923078
Marshall Islands,February,27.175
Martinique,February,24.725
Mauritania,February,23.525000000000002
Mauritius,February,26.0625
Mayotte,February,27.0
Mexico,February,
Moldova,February,-1.3800000000000001
Monaco,February,7.2
Mongolia,February,-17.435555555555553
Montenegro,February,6.625
Montserrat,February,25.6
Morocco,February,12.249999999999998
Mozambique,February,25.763414634146347
Myanmar,February,23.47625
Namibia,February,23.318749999999998
Nauru,February,27.0
Nepal,February,11.738333333333335
Netherlands,February,2.1310344827586207
Netherlands Antilles,February,26.175
New Caledonia,February,26.28333333333333
New Zealand,February,16.921621621621615
Nicaragua,February,25.818181818181817
Niger,February,24.823529411764707
Nigeria,February,27.06557734204795
Niue,February,26.5
Norfolk Island,February,22.0
North Korea,February,-5.45945945945946
Northern Mariana Islands,February,25.816666666666663
Norway,February,-3.7232394366197186
Oceania,February,23.450000000000003
Oman,February,20.752631578947362
Pakistan,February,13.04054054054054
Palau,February,27.211111111111112
Panama,February,26.093650793650795
Papua New Guinea,February,25.149999999999995
Paracel Islands,February,24.0
Paraguay,February,26.485492227979268
Peru,February,17.62784431137725
Philippines,February,25.40810810810811
Pitcairn Islands,February,23.0
Poland,February,-2.901639344262295
Portugal,February,11.465
Puerto Rico,February,23.0515625
Qatar,February,18.380000000000003
Republic of Congo,February,25.033333333333335
Reunion,February,26.5
Romania,February,-1.6709677419354838
Russia,February,-16.51375150784078
Rwanda,February,19.250000000000004
Saint Barthélemy,February,26.0
Saint Helena,February,18.666666666666668
Saint Kitts and Nevis,February,25.0
Saint Lucia,February,26.0
Saint Martin,February,25.5
Saint Pierre and Miquelon,February,-3.0
Saint Vincent and the Grenadines,February,24.0
Samoa,February,26.0
San Marino,February,3.5
Sao Tome and Principe,February,26.139999999999997
Saudi Arabia,February,17.35555555555555
Senegal,February,25.52380952380953
Serbia,February,0.6605263157894739
Seychelles,February,27.266666666666666
Sierra Leone,February,26.975609756097562
Singapore,February,26.53333333333333
Sint Maarten,February,24.7
Slovakia,February,-3.0599999999999996
Slovenia,February,-0.4333333333333332
Solomon Islands,February,26.625
Somalia,February,26.03859649122807
South Africa,February,21.45754385964911
South Georgia and The South Sandwich Islands,February,5.5
South Korea,February,1.0962962962962963
South Sudan,February,27.557142857142853
Spain,February,10.344927536231879
Sri Lanka,February,24.780952380952378
Sudan,February,24.394047619047623
Suriname,February,25.692307692307693
Sweden,February,-5.102380952380952
Switzerland,February,-1.5727272727272723
Syria,February,8.316666666666668
Taiwan,February,15.448000000000002
Tajikistan,February,-0.12499999999999994
Tanzania,February,23.355208333333348
Thailand,February,25.801408450704223
The Bahamas,February,21.536363636363635
The Gambia,February,26.991304347826095
Togo,February,28.2625
Tokelau,February,27.5
Tonga,February,26.522222222222226
Trinidad and Tobago,February,25.82
Tromelin Island,February,30.0
Tunisia,February,11.544155844155846
Turkey,February,3.942231075697211
Turkmenistan,February,3.232432432432433
Turks and Caicos Islands,February,24.0
Tuvalu,February,27.666666666666668
U.S. Virgin Islands,February,24.677777777777777
Uganda,February,22.3275
Ukraine,February,-2.796078431372549
United Arab Emirates,February,18.97142857142857
United Kingdom,February,
United States of America,February,
Uruguay,February,22.462499999999995
Uzbekistan,February,1.7396694214876036
Vanuatu,February,26.077777777777776
Venezuela,February,24.09173553719008
Vietnam,February,21.09245283018868
Wake Island,February,25.2
Wallis and Futuna,February,27.65
West Bank,February,8.666666666666666
Western Sahara,February,17.96666666666667
Yemen,February,23.857142857142858
Zambia,February,22.375324675324666
Zimbabwe,February,22.081081081081074
Afghanistan,March,8.5126213592233
Albania,March,8.490909090909092
Algeria,March,12.306688963210702
American Samoa,March,27.475
Andorra,March,0.95
Angola,March,22.752830188679244
Anguilla,March,26.35
Antarctica,March,-15.908333333333331
Antigua and Barbuda,March,25.0
Argentina,March,20.858007566204293
Armenia,March,0.2571428571428572
Aruba,March,27.727272727272734
Ascension Island,March,27.0
Australia,March,
Austria,March,2.513084112149533
Azerbaijan,March,5.9633587786259525
Bahrain,March,20.5
Bangladesh,March,25.54347826086957
Barbados,March,25.788888888888888
Belarus,March,-1.416363636363636
Belgium,March,4.964516129032258
Belize,March,24.86
Benin,March,29.339473684210528
Bermuda,March,17.72
Bhutan,March,12.655555555555557
Bolivia,March,18.424444444444436
Bosnia and Herzegovina,March,5.526315789473684
Botswana,March,23.783333333333328
Brazil,March,
British Indian Ocean Territory,March,27.0
British Virgin Islands,March,25.0
Brunei,March,26.5
Bulgaria,March,3.8857142857142857
Burkina Faso,March,30.650000000000006
Burundi,March,20.113043478260867
Cambodia,March,28.06363636363636
Cameroon,March,25.464028776978406
Canada,March,
Cape Verde,March,20.51904761904762
Cayman Islands,March,25.65
Central African Republic,March,26.944186046511632
Chad,March,29.599999999999994
Channel Islands,March,7.35
Chile,March,14.69
China,March,7.2913549969344
Christmas Island,March,25.8
Cocos Islands,March,27.0
Colombia,March,24.11470588235294
Comoros,March,25.020000000000003
Cook Islands,March,27.008333333333336
Costa Rica,March,25.147826086956524
Cote d'Ivoire,March,27.87246376811594
Croatia,March,7.992307692307693
Cuba,March,23.8
Curaçao,March,26.5
Cyprus,March,13.3125
Czech Republic,March,2.286206896551724
Democratic Republic of the Congo,March,24.297727272727276
Denmark,March,1.9666666666666666
Djibouti,March,26.226666666666663
Dominica,March,24.0
Dominican Republic,March,24.06451612903226
East Timor,March,24.75
Ecuador,March,20.670270270270272
Egypt,March,17.332738095238092
El Salvador,March,23.833333333333332
Equatorial Guinea,March,25.145454545454548
Eritrea,March,22.514285714285712
Estonia,March,-1.4185185185185187
Eswatini,March,22.290476190476195
Ethiopia,March,20.52166666666667
Europa Island,March,27.0
Falkland Islands,March,8.333333333333334
Faroe Islands,March,3.0
Federated States of Micronesia,March,27.310344827586206
Fiji,March,26.1875
Finland,March,-4.597560975609755
France,March,7.525233644859814
French Guiana,March,25.5125
French Polynesia,March,26.161904761904765
French Southern and Antarctic Lands,March,10.8
Gabon,March,25.894117647058824
Gaza Strip,March,15.0
Georgia,March,7.844444444444444
Germany,March,3.458895705521473
Ghana,March,28.38648648648649
Gibraltar,March,15.0
Glorioso Islands,March,28.0
Greece,March,11.281927710843377
Greenland,March,-14.48333333333333
Grenada,March,26.35
Guadeloupe,March,24.3
Guam,March,26.33333333333334
Guatemala,March,21.363636363636363
Guinea,March,27.057142857142853
Guinea-Bissau,March,27.711111111111112
Guyana,March,25.99545454545455
Haiti,March,23.82272727272727
Holy See,March,11.0
Honduras,March,25.529411764705884
Hungary,March,5.247368421052632
Iceland,March,-0.47058823529411764
India,March,23.597932053175768
Indian Ocean Island,March,28.0
Indonesia,March,26.38221258134492
Iran,March,10.134166666666667
Iraq,March,15.833783783783787
Ireland,March,6.813888888888891
Isle of Man,March,6.4
Israel,March,16.355555555555558
Italy,March,8.63724489795918
Jamaica,March,24.89090909090909
Japan,March,7.372772277227724
Jordan,March,13.090909090909092
Juan de Nova Island,March,28.0
Kazakhstan,March,-3.552508361204016
Kenya,March,22.178740157480323
Kiribati,March,27.46
Kosovo,March,5.875
Kuwait,March,19.0
Kyrgyzstan,March,2.548484848484849
Laos,March,24.833333333333332
Latvia,March,-0.5499999999999999
Lebanon,March,10.333333333333334
Lesotho,March,16.825
Liberia,March,26.28
Libya,March,15.714285714285717
Liechtenstein,March,5.733333333333333
Lithuania,March,-0.16666666666666666
Luxembourg,March,4.1375
Macedonia,March,6.846153846153846
Madagascar,March,23.84772727272727
Malawi,March,22.68421052631579
Malaysia,March,26.373170731707315
Maldives,March,27.766666666666666
Mali,March,29.313725490196074
Malta,March,13.484615384615388
Marshall Islands,March,27.0
Martinique,March,24.775
Mauritania,March,25.883333333333336
Mauritius,March,25.84375
Mayotte,March,27.0
Mexico,March,
Moldova,March,3.0
Monaco,March,8.5
Mongolia,March,-8.140909090909092
Montenegro,March,8.090909090909092
Montserrat,March,25.8
Morocco,March,13.835294117647061
Mozambique,March,25.375609756097557
Myanmar,March,26.47
Namibia,March,22.34375
Nauru,March,27.0
Nepal,March,16.405000000000005
Netherlands,March,4.986666666666666
Netherlands Antilles,March,26.7
New Caledonia,March,25.766666666666666
New Zealand,March,15.364864864864874
Nicaragua,March,26.727272727272727
Niger,March,28.88235294117647
Nigeria,March,28.894989106753798
Niue,March,26.0
Norfolk Island,March,21.0
North Korea,March,0.7352941176470589
Northern Mariana Islands,March,26.316666666666666
Norway,March,-1.052951699463328
Oceania,March,23.633333333333336
Oman,March,23.655263157894737
Pakistan,March,17.93378378378378
Palau,March,27.287500000000005
Panama,March,26.60952380952381
Papua New Guinea,March,25.028846153846157
Paracel Islands,March,25.5
Paraguay,March,25.24093264248703
Peru,March,17.537125748503
Philippines,March,26.33108108108108
Pitcairn Islands,March,23.0
Poland,March,1.911764705882353
Portugal,March,12.753333333333329
Puerto Rico,March,23.509374999999995
Qatar,March,21.3
Republic of Congo,March,25.462500000000002
Reunion,March,26.5
Romania,March,3.4666666666666663
Russia,March,-9.86316425120773
Rwanda,March,19.15
Saint Barthélemy,March,26.0
Saint Helena,March,18.5
Saint Kitts and Nevis,March,26.0
Saint Lucia,March,26.133333333333336
Saint Martin,March,25.5
Saint Pierre and Miquelon,March,-1.0
Saint Vincent and the Grenadines,March,23.9
Samoa,March,26.0
San Marino,March,4.9
Sao Tome and Principe,March,26.360000000000003
Saudi Arabia,March,20.980555555555558
Senegal,March,27.165079365079375
Serbia,March,5.121951219512196
Seychelles,March,27.599999999999998
Sierra Leone,March,27.698780487804875
Singapore,March,27.2
Sint Maarten,March,25.3
Slovakia,March,1.6347826086956518
Slovenia,March,3.6176470588235294
Solomon Islands,March,26.4375
Somalia,March,27.277192982456135
South Africa,March,20.151228070175435
South Georgia and The South Sandwich Islands,March,4.5
South Korea,March,5.365811965811965
South Sudan,March,28.800000000000004
Spain,March,12.035507246376813
Sri Lanka,March,25.728571428571428
Sudan,March,27.54047619047619
Suriname,March,25.76923076923077
Sweden,March,-2.3078125
Switzerland,March,1.4072072072072073
Syria,March,11.544444444444444
Taiwan,March,17.68
Tajikistan,March,5.720833333333334
Tanzania,March,23.356597222222224
Thailand,March,27.684507042253514
The Bahamas,March,22.672727272727272
The Gambia,March,28.990217391304352
Togo,March,28.804166666666664
Tokelau,March,27.5
Tonga,March,26.455555555555556
Trinidad and Tobago,March,26.119999999999997
Tromelin Island,March,29.0
Tunisia,March,13.260389610389614
Turkey,March,6.90186567164179
Turkmenistan,March,8.916216216216215
Turks and Caicos Islands,March,25.0
Tuvalu,March,28.0
U.S. Virgin Islands,March,25.07777777777778
Uganda,March,22.345000000000006
Ukraine,March,2.0886363636363643
United Arab Emirates,March,21.914285714285715
United Kingdom,March,
United States of America,March,
Uruguay,March,20.662500000000005
Uzbekistan,March,8.189430894308945
Vanuatu,March,25.783333333333335
Venezuela,March,24.809917355371883
Vietnam,March,23.27169811320755
Wake Island,March,25.6
Wallis and Futuna,March,27.5
West Bank,March,10.333333333333334
Western Sahara,March,19.566666666666666
Yemen,March,25.428571428571427
Zambia,March,22.283116883116882
Zimbabwe,March,21.499999999999996
Afghanistan,April,14.561538461538468
Albania,April,12.163636363636364
Algeria,April,15.013377926421393
American Samoa,April,27.5
Andorra,April,2.8
Angola,April,22.39811320754717
Anguilla,April,27.1
Antarctica,April,-15.304166666666669
Antigua and Barbuda,April,25.661538461538463
Argentina,April,17.367465321563692
Armenia,April,6.971428571428573
Aruba,April,27.818181818181824
Ascension Island,April,27.0
Australia,April,
Austria,April,6.421495327102804
Azerbaijan,April,12.457251908396946
Bahrain,April,25.0
Bangladesh,April,28.141304347826086
Barbados,April,26.566666666666663
Belarus,April,5.988333333333332
Belgium,April,7.580645161290324
Belize,April,26.119999999999997
Benin,April,29.055263157894736
Bermuda,April,19.0
Bhutan,April,15.533333333333335
Bolivia,April,17.340555555555568
Bosnia and Herzegovina,April,8.894736842105264
Botswana,April,20.863157894736844
Brazil,April,
British Indian Ocean Territory,April,28.0
British Virgin Islands,April,25.5
Brunei,April,27.5
Bulgaria,April,8.791428571428572
Burkina Faso,April,32.35862068965516
Burundi,April,20.152173913043477
Cambodia,April,29.07575757575757
Cameroon,April,25.532374100719434
Canada,April,
Cape Verde,April,20.976190476190474
Cayman Islands,April,26.025
Central African Republic,April,26.569767441860463
Chad,April,31.384
Channel Islands,April,8.9
Chile,April,12.659322033898304
China,April,13.648824593128385
Christmas Island,April,26.05
Cocos Islands,April,27.0
Colombia,April,24.227941176470583
Comoros,April,24.759999999999998
Cook Islands,April,26.825
Costa Rica,April,25.560869565217395
Cote d'Ivoire,April,27.646376811594198
Croatia,April,11.50769230769231
Cuba,April,24.9
Curaçao,April,27.5
Cyprus,April,16.731250000000003
Czech Republic,April,6.810344827586207
Democratic Republic of the Congo,April,24.235227272727283
Denmark,April,5.383783783783784
Djibouti,April,27.826666666666668
Dominica,April,25.0
Dominican Republic,April,24.793548387096774
East Timor,April,24.75
Ecuador,April,20.70810810810811
Egypt,April,21.34107142857142
El Salvador,April,24.333333333333332
Equatorial Guinea,April,25.099999999999998
Eritrea,April,24.292857142857137
Estonia,April,3.8148148148148135
Eswatini,April,20.023809523809526
Ethiopia,April,20.727500000000006
Europa Island,April,26.0
Falkland Islands,April,6.0
Faroe Islands,April,5.0
Federated States of Micronesia,April,27.430303030303033
Fiji,April,25.625
Finland,April,0.9694444444444446
France,April,9.984651162790694
French Guiana,April,25.675
French Polynesia,April,25.704761904761902
French Southern and Antarctic Lands,April,9.6
Gabon,April,25.873529411764707
Gaza Strip,April,18.0
Georgia,April,12.244444444444445
Germany,April,7.038095238095237
Ghana,April,28.1
Gibraltar,April,16.0
Glorioso Islands,April,28.0
Greece,April,14.693975903614456
Greenland,April,-9.489285714285709
Grenada,April,26.6
Guadeloupe,April,25.3
Guam,April,26.95833333333334
Guatemala,April,22.181818181818183
Guinea,April,28.014285714285716
Guinea-Bissau,April,28.12222222222222
Guyana,April,26.286363636363628
Haiti,April,24.47575757575758
Holy See,April,12.0
Honduras,April,26.58823529411765
Hungary,April,10.34736842105263
Iceland,April,1.8275862068965518
India,April,27.398966026587892
Indian Ocean Island,April,28.0
Indonesia,April,26.69891540130152
Iran,April,15.567500000000004
Iraq,April,21.418918918918923
Ireland,April,8.26388888888889
Isle of Man,April,8.15
Israel,April,20.762962962962963
Italy,April,11.685714285714287
Jamaica,April,25.218181818181815
Japan,April,12.224880382775119
Jordan,April,17.90909090909091
Juan de Nova Island,April,28.0
Kazakhstan,April,7.907540983606552
Kenya,April,21.696062992125984
Kiribati,April,27.57
Kosovo,April,10.5
Kuwait,April,24.142857142857142
Kyrgyzstan,April,10.518181818181818
Laos,April,26.889999999999997
Latvia,April,4.109090909090909
Lebanon,April,13.777777777777779
Lesotho,April,13.016666666666667
Liberia,April,26.28
Libya,April,19.406493506493508
Liechtenstein,April,8.833333333333334
Lithuania,April,5.6000000000000005
Luxembourg,April,7.35
Macedonia,April,11.13846153846154
Madagascar,April,22.97424242424241
Malawi,April,21.707894736842103
Malaysia,April,26.77560975609756
Maldives,April,28.3
Mali,April,31.931372549019613
Malta,April,15.699999999999998
Marshall Islands,April,27.337500000000002
Martinique,April,25.475
Mauritania,April,28.241666666666664
Mauritius,April,24.993750000000002
Mayotte,April,27.0
Mexico,April,
Moldova,April,10.16
Monaco,April,10.4
Mongolia,April,1.7904109589041095
Montenegro,April,11.181818181818182
Montserrat,April,26.1
Morocco,April,15.257843137254902
Mozambique,April,24.187804878048784
Myanmar,April,28.85125
Namibia,April,20.42291666666667
Nauru,April,27.0
Nepal,April,20.723333333333343
Netherlands,April,7.609999999999999
Netherlands Antilles,April,27.075
New Caledonia,April,24.261111111111106
New Zealand,April,12.802533783783785
Nicaragua,April,27.545454545454547
Niger,April,32.1764705882353
Nigeria,April,29.483224400871485
Niue,April,25.0
Norfolk Island,April,20.0
North Korea,April,7.717948717948718
Northern Mariana Islands,April,26.75
Norway,April,2.6194395796847663
Oceania,April,24.825
Oman,April,27.72631578947368
Pakistan,April,23.18243243243243
Palau,April,27.8
Panama,April,26.91269841269841
Papua New Guinea,April,24.949999999999996
Paracel Islands,April,27.5
Paraguay,April,22.1139896373057
Peru,April,16.776047904191618
Philippines,April,27.35135135135135
Pitcairn Islands,April,22.0
Poland,April,6.6835443037974684
Portugal,April,13.854999999999997
Puerto Rico,April,24.276562499999997
Qatar,April,26.060000000000002
Republic of Congo,April,25.370833333333337
Reunion,April,25.25
Romania,April,8.423809523809524
Russia,April,-0.873043478260869
Rwanda,April,19.044444444444444
Saint Barthélemy,April,27.0
Saint Helena,April,17.666666666666668
Saint Kitts and Nevis,April,26.0
Saint Lucia,April,27.03333333333333
Saint Martin,April,26.5
Saint Pierre and Miquelon,April,1.0
Saint Vincent and the Grenadines,April,24.4
Samoa,April,26.0
San Marino,April,7.4
Sao Tome and Principe,April,26.360000000000003
Saudi Arabia,April,25.134259259259263
Senegal,April,28.33015873015873
Serbia,April,10.146341463414636
Seychelles,April,27.599999999999998
Sierra Leone,April,27.813414634146344
Singapore,April,27.366666666666664
Sint Maarten,April,25.8
Slovakia,April,5.96
Slovenia,April,7.061111111111111
Solomon Islands,April,26.5
Somalia,April,27.892982456140352
South Africa,April,17.248070175438595
South Georgia and The South Sandwich Islands,April,2.0
South Korea,April,11.489830508474576
South Sudan,April,28.576190476190476
Spain,April,13.476811594202902
Sri Lanka,April,26.62380952380952
Sudan,April,30.302380952380936
Suriname,April,26.23076923076923
Sweden,April,2.6470588235294117
Switzerland,April,4.869642857142857
Syria,April,16.25
Taiwan,April,20.82
Tajikistan,April,12.434722222222225
Tanzania,April,22.756597222222226
Thailand,April,29.16760563380281
The Bahamas,April,23.627272727272725
The Gambia,April,30.400543478260904
Togo,April,28.38333333333333
Tokelau,April,27.5
Tonga,April,25.500000000000004
Trinidad and Tobago,April,26.68
Tromelin Island,April,29.0
Tunisia,April,15.818181818181827
Turkey,April,11.509386281588448
Turkmenistan,April,16.294594594594592
Turks and Caicos Islands,April,25.0
Tuvalu,April,28.0
U.S. Virgin Islands,April,25.84444444444445
Uganda,April,21.8525
Ukraine,April,8.72280701754386
United Arab Emirates,April,25.828571428571426
United Kingdom,April,
United States of America,April,
Uruguay,April,17.020833333333332
Uzbekistan,April,15.633333333333335
Vanuatu,April,25.07222222222222
Venezuela,April,25.285123966942155
Vietnam,April,25.422641509433966
Wake Island,April,26.1
Wallis and Futuna,April,27.4
West Bank,April,14.333333333333334
Western Sahara,April,19.683333333333334
Yemen,April,27.0
Zambia,April,21.345454545454537
Zimbabwe,April,19.945945945945947
Afghanistan,May,19.351923076923086
Albania,May,16.599999999999998
Algeria,May,18.834782608695654
American Samoa,May,27.157142857142855
Andorra,May,7.0
Angola,May,21.04716981132076
Anguilla,May,27.4
Antarctica,May,-17.964583333333334
Antigua and Barbuda,May,26.74615384615384
Argentina,May,14.140479192938193
Armenia,May,12.042857142857143
Aruba,May,28.272727272727277
Ascension Island,May,27.0
Australia,May,
Austria,May,11.563084112149523
Azerbaijan,May,17.14961832061069
Bahrain,May,29.5
Bangladesh,May,28.56086956521739
Barbados,May,27.4
Belarus,May,12.934999999999999
Belgium,May,11.703225806451613
Belize,May,27.18
Benin,May,27.894736842105264
Bermuda,May,21.919999999999998
Bhutan,May,19.122222222222224
Bolivia,May,15.402777777777779
Bosnia and Herzegovina,May,13.578947368421053
Botswana,May,17.164912280701763
Brazil,May,
British Indian Ocean Territory,May,27.0
British Virgin Islands,May,26.5
Brunei,May,27.5
Bulgaria,May,14.017647058823528
Burkina Faso,May,31.82413793103449
Burundi,May,19.9
Cambodia,May,28.439393939393938
Cameroon,May,24.72661870503597
Canada,May,
Cape Verde,May,21.666666666666664
Cayman Islands,May,27.05
Central African Republic,May,25.713953488372095
Chad,May,30.872
Channel Islands,May,11.575
Chile,May,10.496666666666666
China,May,18.735392921415734
Christmas Island,May,25.8
Cocos Islands,May,26.666666666666668
Colombia,May,24.051470588235297
Comoros,May,23.889999999999997
Cook Islands,May,26.208333333333332
Costa Rica,May,25.421739130434784
Cote d'Ivoire,May,26.943478260869576
Croatia,May,16.08717948717949
Cuba,May,25.966666666666665
Curaçao,May,27.5
Cyprus,May,20.13125
Czech Republic,May,11.483870967741936
Democratic Republic of the Congo,May,23.89090909090909
Denmark,May,10.24864864864865
Djibouti,May,29.839999999999996
Dominica,May,26.0
Dominican Republic,May,25.4741935483871
East Timor,May,24.25
Ecuador,May,20.20810810810811
Egypt,May,24.823809523809526
El Salvador,May,24.333333333333332
Equatorial Guinea,May,24.9
Eritrea,May,25.628571428571426
Estonia,May,9.94814814814815
Eswatini,May,17.74285714285714
Ethiopia,May,20.70333333333333
Europa Island,May,24.0
Falkland Islands,May,3.6666666666666665
Faroe Islands,May,7.0
Federated States of Micronesia,May,27.487878787878792
Fiji,May,24.8125
Finland,May,7.192682926829268
France,May,13.676744186046509
French Guiana,May,25.65
French Polynesia,May,24.838095238095235
French Southern and Antarctic Lands,May,7.8
Gabon,May,25.441176470588236
Gaza Strip,May,20.0
Georgia,May,16.6
Germany,May,11.652380952380952
Ghana,May,27.33513513513513
Gibraltar,May,18.0
Glorioso Islands,May,27.0
Greece,May,19.175903614457823
Greenland,May,-1.9398148148148149
Grenada,May,26.9
Guadeloupe,May,26.3
Guam,May,27.224999999999998
Guatemala,May,22.454545454545453
Guinea,May,27.466666666666665
Guinea-Bissau,May,28.53888888888889
Guyana,May,26.268181818181816
Haiti,May,25.20151515151515
Holy See,May,17.0
Honduras,May,26.88235294117647
Hungary,May,15.189473684210528
Iceland,May,5.03125
India,May,29.632153392330398
Indian Ocean Island,May,28.0
Indonesia,May,26.624945770065064
Iran,May,20.68958333333334
Iraq,May,27.47702702702703
Ireland,May,10.81666666666667
Isle of Man,May,10.45
Israel,May,24.351851851851855
Italy,May,15.81128205128205
Jamaica,May,26.00909090909091
Japan,May,16.4444976076555
Jordan,May,22.181818181818183
Juan de Nova Island,May,27.0
Kazakhstan,May,15.396721311475407
Kenya,May,20.873228346456706
Kiribati,May,27.869999999999997
Kosovo,May,15.350000000000001
Kuwait,May,30.285714285714285
Kyrgyzstan,May,15.187878787878788
Laos,May,27.056666666666665
Latvia,May,10.218181818181819
Lebanon,May,17.444444444444443
Lesotho,May,9.641666666666666
Liberia,May,25.875
Libya,May,22.805194805194812
Liechtenstein,May,12.233333333333334
Lithuania,May,11.642857142857142
Luxembourg,May,11.9125
Macedonia,May,15.8
Madagascar,May,21.131818181818172
Malawi,May,19.707894736842103
Malaysia,May,26.863414634146338
Maldives,May,28.099999999999998
Mali,May,32.83921568627451
Malta,May,18.761538461538464
Marshall Islands,May,27.487499999999997
Martinique,May,26.625
Mauritania,May,30.47916666666667
Mauritius,May,23.55625
Mayotte,May,25.5
Mexico,May,
Moldova,May,16.139999999999997
Monaco,May,12.9
Mongolia,May,9.141111111111112
Montenegro,May,15.727272727272727
Montserrat,May,26.7
Morocco,May,18.04313725490196
Mozambique,May,22.207317073170735
Myanmar,May,28.559999999999995
Namibia,May,17.404166666666665
Nauru,May,27.0
Nepal,May,23.18166666666667
Netherlands,May,11.723333333333333
Netherlands Antilles,May,27.725
New Caledonia,May,22.555555555555557
New Zealand,May,10.226013513513506
Nicaragua,May,27.272727272727273
Niger,May,32.88235294117647
Nigeria,May,28.593681917211306
Niue,May,24.5
Norfolk Island,May,18.0
North Korea,May,13.325
Northern Mariana Islands,May,27.383333333333336
Norway,May,7.781678082191778
Oceania,May,25.7
Oman,May,31.10263157894737
Pakistan,May,27.910810810810812
Palau,May,27.88888888888889
Panama,May,26.599999999999994
Papua New Guinea,May,24.719230769230766
Paracel Islands,May,29.0
Paraguay,May,19.515544041450777
Peru,May,15.535928143712578
Philippines,May,27.843243243243244
Pitcairn Islands,May,20.0
Poland,May,11.746835443037975
Portugal,May,15.921666666666663
Puerto Rico,May,25.214062499999994
Qatar,May,31.159999999999997
Republic of Congo,May,24.96666666666667
Reunion,May,23.75
Romania,May,13.897560975609755
Russia,May,7.050423216444983
Rwanda,May,18.905555555555555
Saint Barthélemy,May,28.0
Saint Helena,May,16.333333333333332
Saint Kitts and Nevis,May,27.0
Saint Lucia,May,27.96666666666667
Saint Martin,May,27.5
Saint Pierre and Miquelon,May,5.0
Saint Vincent and the Grenadines,May,25.0
Samoa,May,26.0
San Marino,May,11.0
Sao Tome and Principe,May,25.839999999999996
Saudi Arabia,May,29.65092592592593
Senegal,May,29.27777777777779
Serbia,May,15.25121951219512
Seychelles,May,27.599999999999998
Sierra Leone,May,27.04512195121951
Singapore,May,27.53333333333333
Sint Maarten,May,26.7
Slovakia,May,11.341666666666669
Slovenia,May,13.15
Solomon Islands,May,26.4375
Somalia,May,27.731578947368423
South Africa,May,14.147719298245608
South Georgia and The South Sandwich Islands,May,
South Korea,May,16.557627118644067
South Sudan,May,27.490476190476187
Spain,May,16.312318840579714
Sri Lanka,May,26.72380952380952
Sudan,May,31.840476190476185
Suriname,May,26.076923076923077
Sweden,May,8.097826086956523
Switzerland,May,9.322522522522522
Syria,May,21.09444444444445
Taiwan,May,23.92
Tajikistan,May,17.187323943661973
Tanzania,May,21.763194444444455
Thailand,May,28.729577464788733
The Bahamas,May,25.318181818181817
The Gambia,May,31.096195652173947
Togo,May,27.316666666666674
Tokelau,May,27.5
Tonga,May,24.522222222222222
Trinidad and Tobago,May,27.160000000000004
Tromelin Island,May,27.0
Tunisia,May,19.50714285714286
Turkey,May,15.846570397111913
Turkmenistan,May,22.25945945945946
Turks and Caicos Islands,May,27.0
Tuvalu,May,28.0
U.S. Virgin Islands,May,26.733333333333334
Uganda,May,21.44375
Ukraine,May,14.889473684210529
United Arab Emirates,May,30.17142857142857
United Kingdom,May,
United States of America,May,
Uruguay,May,13.966666666666667
Uzbekistan,May,20.955284552845516
Vanuatu,May,24.116666666666667
Venezuela,May,25.328099173553714
Vietnam,May,26.80943396226415
Wake Island,May,26.9
Wallis and Futuna,May,26.9
West Bank,May,18.333333333333332
Western Sahara,May,20.766666666666666
Yemen,May,29.0
Zambia,May,19.11298701298702
Zimbabwe,May,17.282432432432437
Afghanistan,June,24.408653846153843
Albania,June,20.58181818181818
Algeria,June,23.51204013377927
American Samoa,June,7.971428571428571
Andorra,June,10.95
Angola,June,18.75660377358491
Anguilla,June,28.15
Antarctica,June,-19.866666666666667
Antigua and Barbuda,June,27.830769230769235
Argentina,June,10.96679292929293
Armenia,June,16.014285714285716
Aruba,June,28.36363636363637
Ascension Island,June,26.0
Australia,June,
Austria,June,14.626291079812205
Azerbaijan,June,21.723664122137407
Bahrain,June,32.0
Bangladesh,June,28.458695652173912
Barbados,June,27.46666666666667
Belarus,June,16.169999999999998
Belgium,June,14.567741935483872
Belize,June,27.130000000000003
Benin,June,26.43157894736842
Bermuda,June,24.839999999999996
Bhutan,June,21.38888888888889
Bolivia,June,13.916201117318435
Bosnia and Herzegovina,June,17.157894736842106
Botswana,June,13.957894736842107
Brazil,June,
British Indian Ocean Territory,June,26.0
British Virgin Islands,June,27.0
Brunei,June,27.0
Bulgaria,June,17.32285714285715
Burkina Faso,June,29.377586206896552
Burundi,June,19.273913043478256
Cambodia,June,27.7
Cameroon,June,23.654676258992804
Canada,June,
Cape Verde,June,22.72857142857143
Cayman Islands,June,27.7
Central African Republic,June,24.7
Chad,June,29.101999999999997
Channel Islands,June,14.1
Chile,June,9.093103448275862
China,June,22.502458033573166
Christmas Island,June,25.0
Cocos Islands,June,26.0
Colombia,June,23.964705882352938
Comoros,June,22.56
Cook Islands,June,25.225000000000005
Costa Rica,June,24.991304347826084
Cote d'Ivoire,June,25.814492753623185
Croatia,June,19.753846153846155
Cuba,June,26.866666666666667
Curaçao,June,28.0
Cyprus,June,23.831249999999997
Czech Republic,June,14.674193548387096
Democratic Republic of the Congo,June,22.787499999999994
Denmark,June,13.75135135135135
Djibouti,June,32.39333333333334
Dominica,June,26.0
Dominican Republic,June,26.23225806451613
East Timor,June,23.5
Ecuador,June,19.416216216216217
Egypt,June,27.520833333333343
El Salvador,June,23.5
Equatorial Guinea,June,24.077272727272728
Eritrea,June,25.992857142857144
Estonia,June,14.470370370370372
Eswatini,June,15.138095238095234
Ethiopia,June,20.218333333333337
Europa Island,June,22.0
Falkland Islands,June,2.3333333333333335
Faroe Islands,June,8.0
Federated States of Micronesia,June,27.336363636363632
Fiji,June,24.0
Finland,June,12.563414634146339
France,June,16.879629629629637
French Guiana,June,25.2625
French Polynesia,June,23.752380952380953
French Southern and Antarctic Lands,June,6.8
Gabon,June,23.755882352941175
Gaza Strip,June,23.0
Georgia,June,20.477777777777778
Germany,June,15.144578313253012
Ghana,June,26.15
Gibraltar,June,21.0
Glorioso Islands,June,26.0
Greece,June,23.591566265060237
Greenland,June,3.062727272727272
Grenada,June,26.9
Guadeloupe,June,26.866666666666664
Guam,June,27.3
Guatemala,June,22.181818181818183
Guinea,June,25.719047619047622
Guinea-Bissau,June,27.78333333333334
Guyana,June,26.05454545454545
Haiti,June,26.045454545454547
Holy See,June,20.0
Honduras,June,26.41176470588235
Hungary,June,18.521052631578947
Iceland,June,7.875
India,June,29.19424778761062
Indian Ocean Island,June,27.0
Indonesia,June,26.11127982646423
Iran,June,25.466666666666676
Iraq,June,31.928378378378383
Ireland,June,13.208333333333334
Isle of Man,June,13.15
Israel,June,27.05555555555556
Italy,June,19.548979591836726
Jamaica,June,26.718181818181815
Japan,June,20.095693779904305
Jordan,June,25.272727272727273
Juan de Nova Island,June,26.0
Kazakhstan,June,20.62
Kenya,June,19.855118110236216
Kiribati,June,27.76
Kosovo,June,18.75
Kuwait,June,34.714285714285715
Kyrgyzstan,June,19.351515151515155
Laos,June,26.759999999999998
Latvia,June,14.481818181818182
Lebanon,June,21.22222222222222
Lesotho,June,6.883333333333334
Liberia,June,24.95
Libya,June,26.179220779220785
Liechtenstein,June,16.216666666666665
Lithuania,June,15.214285714285714
Luxembourg,June,15.0125
Macedonia,June,19.584615384615383
Madagascar,June,19.357575757575766
Malawi,June,17.73421052631579
Malaysia,June,26.553658536585367
Maldives,June,27.599999999999998
Mali,June,31.164705882352944
Malta,June,22.67692307692308
Marshall Islands,June,27.5375
Martinique,June,27.0
Mauritania,June,31.875
Mauritius,June,22.08125
Mayotte,June,24.5
Mexico,June,
Moldova,June,19.32
Monaco,June,16.5
Mongolia,June,14.975555555555555
Montenegro,June,19.363636363636363
Montserrat,June,27.6
Morocco,June,21.25196078431372
Mozambique,June,20.185365853658535
Myanmar,June,26.8025
Namibia,June,14.902083333333332
Nauru,June,27.0
Nepal,June,24.511666666666667
Netherlands,June,14.603333333333332
Netherlands Antilles,June,28.225
New Caledonia,June,21.072222222222223
New Zealand,June,7.988344594594596
Nicaragua,June,26.454545454545453
Niger,June,31.823529411764707
Nigeria,June,27.115904139433553
Niue,June,23.0
Norfolk Island,June,16.5
North Korea,June,17.7
Northern Mariana Islands,June,27.499999999999996
Norway,June,11.719931271477659
Oceania,June,26.9
Oman,June,32.373684210526314
Pakistan,June,31.08648648648649
Palau,June,27.633333333333333
Panama,June,26.13968253968254
Papua New Guinea,June,24.321153846153848
Paracel Islands,June,29.0
Paraguay,June,17.175129533678756
Peru,June,14.34744744744745
Philippines,June,27.35135135135135
Pitcairn Islands,June,19.0
Poland,June,15.265822784810126
Portugal,June,18.925
Puerto Rico,June,25.987500000000004
Qatar,June,33.72
Republic of Congo,June,23.1875
Reunion,June,22.0
Romania,June,16.847619047619048
Russia,June,13.352496954933
Rwanda,June,18.644444444444446
Saint Barthélemy,June,29.0
Saint Helena,June,15.166666666666666
Saint Kitts and Nevis,June,28.0
Saint Lucia,June,28.0
Saint Martin,June,28.5
Saint Pierre and Miquelon,June,8.0
Saint Vincent and the Grenadines,June,25.8
Samoa,June,26.0
San Marino,June,15.4
Sao Tome and Principe,June,24.72
Saudi Arabia,June,32.09907407407408
Senegal,June,29.51111111111112
Serbia,June,18.336585365853658
Seychelles,June,26.733333333333334
Sierra Leone,June,26.040243902439038
Singapore,June,27.366666666666664
Sint Maarten,June,27.5
Slovakia,June,13.904000000000002
Slovenia,June,15.005555555555556
Solomon Islands,June,26.25
Somalia,June,27.345614035087728
South Africa,June,11.345964912280696
South Georgia and The South Sandwich Islands,June,-1.0
South Korea,June,20.677118644067797
South Sudan,June,26.1
Spain,June,19.8391304347826
Sri Lanka,June,26.280952380952378
Sudan,June,31.4202380952381
Suriname,June,25.923076923076923
Sweden,June,12.657608695652174
Switzerland,June,12.532142857142857
Syria,June,25.211111111111112
Taiwan,June,26.031999999999996
Tajikistan,June,21.759722222222216
Tanzania,June,20.519097222222214
Thailand,June,28.063380281690133
The Bahamas,June,27.00909090909091
The Gambia,June,30.021739130434803
Togo,June,25.76666666666667
Tokelau,June,27.5
Tonga,June,23.737499999999997
Trinidad and Tobago,June,26.880000000000003
Tromelin Island,June,26.0
Tunisia,June,23.688961038961036
Turkey,June,19.960649819494588
Turkmenistan,June,27.056756756756762
Turks and Caicos Islands,June,28.0
Tuvalu,June,28.0
U.S. Virgin Islands,June,27.6
Uganda,June,20.96
Ukraine,June,18.71754385964912
United Arab Emirates,June,32.0
United Kingdom,June,
United States of America,June,
Uruguay,June,11.291666666666664
Uzbekistan,June,25.565853658536586
Vanuatu,June,23.27777777777778
Venezuela,June,24.72975206611569
Vietnam,June,27.390566037735844
Wake Island,June,27.9
Wallis and Futuna,June,26.7
West Bank,June,21.333333333333332
Western Sahara,June,22.3
Yemen,June,30.285714285714285
Zambia,June,16.935064935064936
Zimbabwe,June,14.802702702702701
Afghanistan,July,26.437500000000004
Albania,July,23.163636363636364
Algeria,July,26.829096989966544
American Samoa,July,26.8
Andorra,July,14.1
Angola,July,18.20754716981132
Anguilla,July,28.65
Antarctica,July,-21.14255319148936
Antigua and Barbuda,July,27.830769230769235
Argentina,July,10.903030303030306
Armenia,July,19.571428571428573
Aruba,July,28.272727272727277
Ascension Island,July,25.0
Australia,July,
Austria,July,16.55140186915887
Azerbaijan,July,25.11068702290077
Bahrain,July,33.5
Bangladesh,July,28.117391304347834
Barbados,July,26.74444444444444
Belarus,July,17.59333333333333
Belgium,July,16.467741935483872
Belize,July,26.580000000000002
Benin,July,25.30526315789474
Bermuda,July,26.919999999999998
Bhutan,July,19.533333333333335
Bolivia,July,13.77166666666667
Bosnia and Herzegovina,July,19.63157894736842
Botswana,July,13.951754385964911
Brazil,July,
British Indian Ocean Territory,July,26.0
British Virgin Islands,July,27.0
Brunei,July,27.0
Bulgaria,July,19.55428571428571
Burkina Faso,July,27.508620689655178
Burundi,July,19.16521739130435
Cambodia,July,27.233333333333324
Cameroon,July,22.697122302158277
Canada,July,
Cape Verde,July,23.76190476190476
Cayman Islands,July,28.075
Central African Republic,July,23.920930232558142
Chad,July,27.041999999999998
Channel Islands,July,16.2
Chile,July,8.408620689655173
China,July,24.989148681055205
Christmas Island,July,24.7
Cocos Islands,July,25.333333333333332
Colombia,July,24.045588235294115
Comoros,July,21.84
Cook Islands,July,25.01666666666667
Costa Rica,July,24.643478260869564
Cote d'Ivoire,July,24.849275362318842
Croatia,July,22.23076923076923
Cuba,July,27.266666666666666
Curaçao,July,28.0
Cyprus,July,26.625
Czech Republic,July,16.35483870967742
Democratic Republic of the Congo,July,22.16363636363637
Denmark,July,15.951351351351352
Djibouti,July,33.77333333333334
Dominica,July,26.0
Dominican Republic,July,26.44516129032258
East Timor,July,23.0
Ecuador,July,18.83243243243243
Egypt,July,28.402976190476195
El Salvador,July,23.5
Equatorial Guinea,July,23.118181818181817
Eritrea,July,25.049999999999994
Estonia,July,16.70740740740741
Eswatini,July,15.271428571428574
Ethiopia,July,19.150833333333328
Europa Island,July,22.0
Falkland Islands,July,2.0
Faroe Islands,July,10.0
Federated States of Micronesia,July,27.230303030303027
Fiji,July,23.4375
Finland,July,15.443902439024392
France,July,19.172222222222224
French Guiana,July,25.2625
French Polynesia,July,23.195238095238093
French Southern and Antarctic Lands,July,6.2
Gabon,July,22.676470588235293
Gaza Strip,July,25.0
Georgia,July,22.61111111111111
Germany,July,16.60892857142857
Ghana,July,25.144594594594604
Gibraltar,July,23.0
Glorioso Islands,July,25.0
Greece,July,25.945783132530124
Greenland,July,5.391735537190082
Grenada,July,26.9
Guadeloupe,July,26.866666666666664
Guam,July,27.150000000000002
Guatemala,July,21.636363636363637
Guinea,July,24.592857142857145
Guinea-Bissau,July,26.777777777777775
Guyana,July,26.181818181818183
Haiti,July,26.25757575757577
Holy See,July,23.0
Honduras,July,26.11764705882353
Hungary,July,20.45263157894737
Iceland,July,9.78125
India,July,27.180088495575223
Indian Ocean Island,July,26.0
Indonesia,July,25.743600867678946
Iran,July,28.16041666666667
Iraq,July,34.61891891891893
Ireland,July,15.022222222222224
Isle of Man,July,14.6
Israel,July,28.766666666666673
Italy,July,22.353571428571435
Jamaica,July,27.045454545454547
Japan,July,23.84019138755981
Jordan,July,27.0
Juan de Nova Island,July,25.0
Kazakhstan,July,22.929508196721304
Kenya,July,19.28267716535432
Kiribati,July,27.54
Kosovo,July,20.75
Kuwait,July,36.142857142857146
Kyrgyzstan,July,21.712121212121207
Laos,July,26.379999999999995
Latvia,July,16.581818181818182
Lebanon,July,23.333333333333332
Lesotho,July,7.241666666666667
Liberia,July,24.049999999999997
Libya,July,26.997402597402605
Liechtenstein,July,18.45
Lithuania,July,16.685714285714287
Luxembourg,July,16.725
Macedonia,July,22.084615384615386
Madagascar,July,18.76136363636364
Malawi,July,17.368421052631582
Malaysia,July,26.36829268292683
Maldives,July,27.933333333333334
Mali,July,28.81568627450981
Malta,July,26.00769230769231
Marshall Islands,July,27.512500000000003
Martinique,July,27.0
Mauritania,July,31.22083333333333
Mauritius,July,21.2625
Mayotte,July,23.5
Mexico,July,
Moldova,July,20.839999999999996
Monaco,July,20.0
Mongolia,July,16.901111111111113
Montenegro,July,22.09090909090909
Montserrat,July,28.3
Morocco,July,24.566666666666663
Mozambique,July,19.89024390243903
Myanmar,July,26.42625
Namibia,July,14.58958333333333
Nauru,July,27.0
Nepal,July,24.141666666666666
Netherlands,July,16.516666666666666
Netherlands Antilles,July,28.225
New Caledonia,July,19.944444444444443
New Zealand,July,7.300338409475454
Nicaragua,July,26.363636363636363
Niger,July,29.176470588235293
Nigeria,July,25.712854030501102
Niue,July,22.0
Norfolk Island,July,15.0
North Korea,July,21.2
Northern Mariana Islands,July,27.333333333333332
Norway,July,13.403082191780827
Oceania,July,27.325000000000003
Oman,July,31.476315789473677
Pakistan,July,30.328378378378382
Palau,July,27.377777777777776
Panama,July,25.968253968253972
Papua New Guinea,July,23.994230769230775
Paracel Islands,July,28.5
Paraguay,July,17.41243523316063
Peru,July,13.84954954954955
Philippines,July,26.975675675675678
Pitcairn Islands,July,19.0
Poland,July,16.82278481012658
Portugal,July,21.241666666666667
Puerto Rico,July,26.11718749999999
Qatar,July,34.660000000000004
Republic of Congo,July,22.212500000000002
Reunion,July,21.25
Romania,July,18.714285714285715
Russia,July,16.257004830917875
Rwanda,July,18.616666666666664
Saint Barthélemy,July,29.0
Saint Helena,July,14.333333333333334
Saint Kitts and Nevis,July,28.0
Saint Lucia,July,27.96666666666667
Saint Martin,July,28.5
Saint Pierre and Miquelon,July,13.0
Saint Vincent and the Grenadines,July,26.0
Samoa,July,25.666666666666668
San Marino,July,19.3
Sao Tome and Principe,July,23.740000000000002
Saudi Arabia,July,33.258333333333326
Senegal,July,28.695238095238082
Serbia,July,20.2609756097561
Seychelles,July,25.7
Sierra Leone,July,25.106097560975613
Singapore,July,27.2
Sint Maarten,July,27.5
Slovakia,July,15.576
Slovenia,July,17.27777777777778
Solomon Islands,July,25.8125
Somalia,July,26.733333333333334
South Africa,July,11.294385964912285
South Georgia and The South Sandwich Islands,July,-1.0
South Korea,July,24.208474576271186
South Sudan,July,25.14285714285714
Spain,July,22.61014492753623
Sri Lanka,July,26.047619047619047
Sudan,July,29.72380952380952
Suriname,July,26.076923076923077
Sweden,July,15.531521739130433
Switzerland,July,15.081081081081077
Syria,July,27.827777777777776
Taiwan,July,27.383999999999997
Tajikistan,July,24.080555555555563
Tanzania,July,20.185416666666654
Thailand,July,27.58873239436619
The Bahamas,July,27.809090909090912
The Gambia,July,28.27391304347825
Togo,July,24.75833333333333
Tokelau,July,27.5
Tonga,July,22.8
Trinidad and Tobago,July,26.6
Tromelin Island,July,25.0
Tunisia,July,26.59740259740261
Turkey,July,23.052346570397113
Turkmenistan,July,29.448648648648646
Turks and Caicos Islands,July,28.0
Tuvalu,July,27.333333333333332
U.S. Virgin Islands,July,27.755555555555556
Uganda,July,20.609999999999996
Ukraine,July,20.64035087719298
United Arab Emirates,July,34.48571428571429
United Kingdom,July,
United States of America,July,
Uruguay,July,10.904166666666667
Uzbekistan,July,27.478861788617895
Vanuatu,July,22.450000000000003
Venezuela,July,24.448760330578523
Vietnam,July,27.175471698113206
Wake Island,July,28.2
Wallis and Futuna,July,26.2
West Bank,July,22.333333333333332
Western Sahara,July,24.483333333333334
Yemen,July,30.142857142857142
Zambia,July,16.777922077922074
Zimbabwe,July,14.583783783783781
Afghanistan,August,25.015384615384612
Albania,August,23.254545454545454
Algeria,August,26.917056856187262
American Samoa,August,26.571428571428577
Andorra,August,13.85
Angola,August,19.626415094339624
Anguilla,August,28.65
Antarctica,August,-21.60851063829787
Antigua and Barbuda,August,27.830769230769235
Argentina,August,12.423959646910474
Armenia,August,19.52857142857143
Aruba,August,28.36363636363637
Ascension Island,August,24.0
Australia,August,
Austria,August,16.142523364485985
Azerbaijan,August,24.227480916030526
Bahrain,August,33.5
Bangladesh,August,28.254347826086953
Barbados,August,27.13333333333333
Belarus,August,16.553333333333338
Belgium,August,16.432258064516127
Belize,August,26.580000000000002
Benin,August,25.089473684210525
Bermuda,August,27.119999999999997
Bhutan,August,21.755555555555556
Bolivia,August,15.250000000000002
Bosnia and Herzegovina,August,19.263157894736842
Botswana,August,16.840350877192975
Brazil,August,
British Indian Ocean Territory,August,26.0
British Virgin Islands,August,28.0
Brunei,August,27.0
Bulgaria,August,19.279999999999998
Burkina Faso,August,26.79827586206897
Burundi,August,20.152173913043477
Cambodia,August,27.154545454545456
Cameroon,August,22.550359712230215
Canada,August,
Cape Verde,August,24.64761904761904
Cayman Islands,August,28.35
Central African Republic,August,23.83488372093023
Chad,August,26.023999999999997
Channel Islands,August,16.475
Chile,August,8.828333333333335
China,August,24.296043165467676
Christmas Island,August,24.45
Cocos Islands,August,25.333333333333332
Colombia,August,24.201470588235292
Comoros,August,21.585
Cook Islands,August,24.933333333333337
Costa Rica,August,24.621739130434786
Cote d'Ivoire,August,24.61594202898552
Croatia,August,21.82820512820513
Cuba,August,27.310344827586206
Curaçao,August,28.5
Cyprus,August,26.69375
Czech Republic,August,16.174193548387095
Democratic Republic of the Congo,August,22.852272727272723
Denmark,August,15.654054054054056
Djibouti,August,33.266666666666666
Dominica,August,26.0
Dominican Republic,August,26.67096774193548
East Timor,August,23.0
Ecuador,August,18.764864864864865
Egypt,August,28.312499999999993
El Salvador,August,23.5
Equatorial Guinea,August,23.17727272727273
Eritrea,August,24.69285714285714
Estonia,August,15.762962962962964
Eswatini,August,16.857142857142854
Ethiopia,August,18.954166666666666
Europa Island,August,22.0
Falkland Islands,August,2.3333333333333335
Faroe Islands,August,11.0
Federated States of Micronesia,August,27.24848484848485
Fiji,August,23.5625
Finland,August,13.58780487804878
France,August,18.974537037037038
French Guiana,August,25.925
French Polynesia,August,22.95714285714286
French Southern and Antarctic Lands,August,6.2
Gabon,August,23.117647058823533
Gaza Strip,August,26.0
Georgia,August,22.788888888888888
Germany,August,16.28392857142857
Ghana,August,24.908108108108113
Gibraltar,August,24.0
Glorioso Islands,August,25.0
Greece,August,25.745783132530118
Greenland,August,4.961538461538462
Grenada,August,26.9
Guadeloupe,August,26.866666666666664
Guam,August,27.058333333333334
Guatemala,August,21.727272727272727
Guinea,August,24.66904761904762
Guinea-Bissau,August,26.566666666666666
Guyana,August,26.709090909090904
Haiti,August,26.357575757575756
Holy See,August,23.0
Honduras,August,26.41176470588235
Hungary,August,19.926315789473687
Iceland,August,9.28125
India,August,26.56784660766957
Indian Ocean Island,August,26.0
Indonesia,August,25.92212581344903
Iran,August,27.14041666666666
Iraq,August,33.89189189189188
Ireland,August,14.938888888888888
Isle of Man,August,15.15
Israel,August,29.092592592592595
Italy,August,22.357653061224497
Jamaica,August,27.145454545454548
Japan,August,25.10334928229665
Jordan,August,27.09090909090909
Juan de Nova Island,August,25.0
Kazakhstan,August,20.52590163934426
Kenya,August,19.51811023622047
Kiribati,August,27.72
Kosovo,August,20.275
Kuwait,August,35.57142857142857
Kyrgyzstan,August,20.436363636363637
Laos,August,26.20333333333333
Latvia,August,16.0
Lebanon,August,23.77777777777778
Lesotho,August,9.291666666666666
Liberia,August,23.889999999999997
Libya,August,27.528571428571425
Liechtenstein,August,17.966666666666665
Lithuania,August,16.157142857142855
Luxembourg,August,16.275
Macedonia,August,21.884615384615383
Madagascar,August,19.038636363636364
Malawi,August,18.865789473684202
Malaysia,August,26.290243902439027
Maldives,August,27.599999999999998
Mali,August,27.849019607843136
Malta,August,26.78461538461538
Marshall Islands,August,27.562499999999996
Martinique,August,27.0
Mauritania,August,30.82916666666667
Mauritius,August,21.15625
Mayotte,August,23.5
Mexico,August,
Moldova,August,20.380000000000003
Monaco,August,22.8
Mongolia,August,15.106666666666666
Montenegro,August,22.09090909090909
Montserrat,August,28.4
Morocco,August,24.742156862745105
Mozambique,August,20.909756097560976
Myanmar,August,26.306250000000006
Namibia,August,16.347916666666666
Nauru,August,27.0
Nepal,August,23.915
Netherlands,August,16.46
Netherlands Antilles,August,28.475
New Caledonia,August,19.92222222222222
New Zealand,August,8.279391891891896
Nicaragua,August,26.363636363636363
Niger,August,28.235294117647058
Nigeria,August,25.338997821350777
Niue,August,23.0
Norfolk Island,August,15.0
North Korea,August,21.625
Northern Mariana Islands,August,27.249999999999996
Norway,August,12.750171232876715
Oceania,August,27.150000000000002
Oman,August,30.457894736842107
Pakistan,August,29.151351351351348
Palau,August,27.41111111111111
Panama,August,25.95238095238095
Papua New Guinea,August,24.09038461538461
Paracel Islands,August,28.0
Paraguay,August,18.67772020725389
Peru,August,14.184431137724552
Philippines,August,26.88918918918919
Pitcairn Islands,August,18.0
Poland,August,16.481012658227847
Portugal,August,21.69833333333333
Puerto Rico,August,26.234374999999996
Qatar,August,34.6
Republic of Congo,August,22.67916666666667
Reunion,August,21.0
Romania,August,18.276190476190475
Russia,August,14.502305825242695
Rwanda,August,19.416666666666668
Saint Barthélemy,August,29.0
Saint Helena,August,13.666666666666666
Saint Kitts and Nevis,August,28.0
Saint Lucia,August,28.0
Saint Martin,August,28.5
Saint Pierre and Miquelon,August,15.0
Saint Vincent and the Grenadines,August,26.0
Samoa,August,25.0
San Marino,August,22.2
Sao Tome and Principe,August,23.98
Saudi Arabia,August,33.00370370370371
Senegal,August,28.138095238095246
Serbia,August,20.148780487804878
Seychelles,August,25.7
Sierra Leone,August,24.989024390243905
Singapore,August,27.2
Sint Maarten,August,27.8
Slovakia,August,15.463999999999999
Slovenia,August,16.75
Solomon Islands,August,25.8125
Somalia,August,26.756140350877182
South Africa,August,13.130526315789474
South Georgia and The South Sandwich Islands,August,-1.0
South Korea,August,24.815254237288134
South Sudan,August,25.16190476190476
Spain,August,22.946376811594213
Sri Lanka,August,26.023809523809526
Sudan,August,28.953571428571433
Suriname,August,26.76923076923077
Sweden,August,14.196739130434782
Switzerland,August,14.282142857142857
Syria,August,27.83888888888889
Taiwan,August,27.323999999999998
Tajikistan,August,22.475
Tanzania,August,20.84652777777779
Thailand,August,27.4225352112676
The Bahamas,August,27.981818181818184
The Gambia,August,27.580978260869575
Togo,August,24.47083333333333
Tokelau,August,27.5
Tonga,August,22.91111111111111
Trinidad and Tobago,August,26.82
Tromelin Island,August,25.0
Tunisia,August,26.959090909090914
Turkey,August,22.91768953068592
Turkmenistan,August,27.37837837837838
Turks and Caicos Islands,August,28.0
Tuvalu,August,27.333333333333332
U.S. Virgin Islands,August,27.633333333333333
Uganda,August,20.870000000000008
Ukraine,August,19.970175438596495
United Arab Emirates,August,34.65714285714286
United Kingdom,August,
United States of America,August,
Uruguay,August,11.766666666666666
Uzbekistan,August,25.29837398373984
Vanuatu,August,22.444444444444443
Venezuela,August,24.746280991735542
Vietnam,August,27.00188679245283
Wake Island,August,28.3
Wallis and Futuna,August,26.25
West Bank,August,23.0
Western Sahara,August,25.083333333333332
Yemen,August,29.428571428571427
Zambia,August,18.996103896103897
Zimbabwe,August,16.76756756756757
Afghanistan,September,20.42788461538461
Albania,September,19.58181818181818
Algeria,September,23.691973244147174
American Samoa,September,26.771428571428572
Andorra,September,11.7
Angola,September,21.41320754716981
Anguilla,September,28.95
Antarctica,September,-19.43541666666667
Antigua and Barbuda,September,27.830769230769235
Argentina,September,14.701891551071872
Armenia,September,15.22857142857143
Aruba,September,28.36363636363637
Ascension Island,September,24.0
Australia,September,
Austria,September,12.44716981132076
Azerbaijan,September,20.380152671755727
Bahrain,September,32.0
Bangladesh,September,28.260869565217398
Barbados,September,26.85555555555555
Belarus,September,11.911666666666669
Belgium,September,13.774193548387096
Belize,September,26.48
Benin,September,25.59473684210526
Bermuda,September,26.28
Bhutan,September,20.700000000000003
Bolivia,September,17.039999999999992
Bosnia and Herzegovina,September,15.789473684210526
Botswana,September,20.86578947368421
Brazil,September,
British Indian Ocean Territory,September,26.0
British Virgin Islands,September,27.0
Brunei,September,26.5
Bulgaria,September,15.89142857142857
Burkina Faso,September,27.27931034482758
Burundi,September,20.895652173913042
Cambodia,September,26.848484848484848
Cameroon,September,23.012949640287772
Canada,September,
Cape Verde,September,25.14285714285715
Cayman Islands,September,27.975
Central African Republic,September,24.09767441860465
Chad,September,26.846000000000004
Channel Islands,September,15.2
Chile,September,9.981666666666666
China,September,20.080215827338108
Christmas Island,September,24.45
Cocos Islands,September,25.333333333333332
Colombia,September,24.14264705882353
Comoros,September,22.0
Cook Islands,September,25.100000000000005
Costa Rica,September,24.72608695652173
Cote d'Ivoire,September,25.08985507246377
Croatia,September,18.356410256410257
Cuba,September,26.866666666666667
Curaçao,September,28.5
Cyprus,September,24.6625
Czech Republic,September,12.490322580645163
Democratic Republic of the Congo,September,23.578409090909098
Denmark,September,12.475675675675676
Djibouti,September,31.160000000000004
Dominica,September,26.0
Dominican Republic,September,26.509677419354837
East Timor,September,23.5
Ecuador,September,19.099999999999998
Egypt,September,26.628571428571437
El Salvador,September,22.666666666666668
Equatorial Guinea,September,23.88181818181818
Eritrea,September,24.349999999999998
Estonia,September,10.814814814814815
Eswatini,September,18.92380952380952
Ethiopia,September,19.196666666666665
Europa Island,September,23.0
Falkland Islands,September,3.3333333333333335
Faroe Islands,September,8.0
Federated States of Micronesia,September,27.23939393939394
Fiji,September,23.8125
Finland,September,8.456097560975609
France,September,16.25092592592593
French Guiana,September,26.325
French Polynesia,September,23.347619047619048
French Southern and Antarctic Lands,September,6.2
Gabon,September,24.18235294117648
Gaza Strip,September,25.0
Georgia,September,19.62222222222222
Germany,September,13.294578313253012
Ghana,September,25.435135135135134
Gibraltar,September,22.0
Glorioso Islands,September,26.0
Greece,September,22.54457831325301
Greenland,September,1.101694915254237
Grenada,September,26.9
Guadeloupe,September,26.8
Guam,September,27.091666666666665
Guatemala,September,21.272727272727273
Guinea,September,24.835714285714282
Guinea-Bissau,September,26.722222222222225
Guyana,September,27.036363636363635
Haiti,September,26.115151515151513
Holy See,September,21.0
Honduras,September,26.235294117647058
Hungary,September,16.147368421052633
Iceland,September,6.625
India,September,26.420353982300906
Indian Ocean Island,September,26.0
Indonesia,September,26.293058568329695
Iran,September,23.391250000000007
Iraq,September,30.49054054054055
Ireland,September,13.136111111111111
Isle of Man,September,13.85
Israel,September,27.6962962962963
Italy,September,19.469897959183683
Jamaica,September,26.66363636363636
Japan,September,21.740669856459327
Jordan,September,25.09090909090909
Juan de Nova Island,September,25.0
Kazakhstan,September,14.661639344262305
Kenya,September,20.250393700787402
Kiribati,September,27.74
Kosovo,September,16.8
Kuwait,September,32.57142857142857
Kyrgyzstan,September,15.633333333333336
Laos,September,25.966666666666665
Latvia,September,11.927272727272726
Lebanon,September,21.77777777777778
Lesotho,September,13.274999999999999
Liberia,September,24.424999999999997
Libya,September,25.86103896103896
Liechtenstein,September,16.033333333333335
Lithuania,September,12.185714285714287
Luxembourg,September,12.9875
Macedonia,September,18.169230769230772
Madagascar,September,20.2409090909091
Malawi,September,21.542105263157897
Malaysia,September,26.124390243902436
Maldives,September,27.599999999999998
Mali,September,28.35686274509804
Malta,September,23.915384615384614
Marshall Islands,September,27.5625
Martinique,September,26.95
Mauritania,September,30.745833333333326
Mauritius,September,21.681250000000002
Mayotte,September,24.0
Mexico,September,
Moldova,September,16.3
Monaco,September,22.8
Mongolia,September,8.633333333333335
Montenegro,September,18.636363636363637
Montserrat,September,28.5
Morocco,September,22.638235294117646
Mozambique,September,22.802439024390246
Myanmar,September,26.659999999999997
Namibia,September,19.566666666666674
Nauru,September,27.0
Nepal,September,22.99666666666667
Netherlands,September,14.186666666666666
Netherlands Antilles,September,28.475
New Caledonia,September,20.81111111111111
New Zealand,September,10.080067567567566
Nicaragua,September,26.272727272727273
Niger,September,29.235294117647058
Nigeria,September,25.901525054466227
Niue,September,23.0
Norfolk Island,September,16.0
North Korea,September,16.35
Northern Mariana Islands,September,27.249999999999996
Norway,September,9.1314335060449
Oceania,September,27.375
Oman,September,29.423684210526314
Pakistan,September,27.164864864864867
Palau,September,27.48888888888889
Panama,September,25.863492063492057
Papua New Guinea,September,24.399999999999995
Paracel Islands,September,28.0
Paraguay,September,20.27616580310881
Peru,September,14.85898203592814
Philippines,September,26.82972972972973
Pitcairn Islands,September,18.0
Poland,September,12.632911392405063
Portugal,September,20.323333333333338
Puerto Rico,September,26.042187499999994
Qatar,September,32.08
Republic of Congo,September,23.59166666666667
Reunion,September,22.0
Romania,September,14.861904761904762
Russia,September,8.749878345498772
Rwanda,September,19.527777777777782
Saint Barthélemy,September,29.0
Saint Helena,September,13.833333333333334
Saint Kitts and Nevis,September,28.0
Saint Lucia,September,27.96666666666667
Saint Martin,September,28.5
Saint Pierre and Miquelon,September,12.0
Saint Vincent and the Grenadines,September,26.2
Samoa,September,25.333333333333332
San Marino,September,22.2
Sao Tome and Principe,September,24.32
Saudi Arabia,September,30.940740740740747
Senegal,September,28.18095238095238
Serbia,September,15.734146341463415
Seychelles,September,26.400000000000002
Sierra Leone,September,25.52560975609757
Singapore,September,27.03333333333333
Sint Maarten,September,28.1
Slovakia,September,11.808000000000002
Slovenia,September,13.738888888888889
Solomon Islands,September,25.9375
Somalia,September,27.28070175438597
South Africa,September,15.887017543859653
South Georgia and The South Sandwich Islands,September,1.0
South Korea,September,20.2
South Sudan,September,25.742857142857144
Spain,September,20.676086956521743
Sri Lanka,September,25.80952380952381
Sudan,September,29.37857142857143
Suriname,September,27.307692307692307
Sweden,September,9.941304347826087
Switzerland,September,11.408928571428564
Syria,September,24.994444444444444
Taiwan,September,26.248
Tajikistan,September,17.73055555555555
Tanzania,September,22.006944444444454
Thailand,September,27.222535211267598
The Bahamas,September,27.481818181818184
The Gambia,September,27.616847826086982
Togo,September,25.108333333333324
Tokelau,September,27.5
Tonga,September,23.155555555555555
Trinidad and Tobago,September,26.839999999999996
Tromelin Island,September,26.0
Tunisia,September,24.51363636363635
Turkey,September,19.54187725631769
Turkmenistan,September,21.986486486486484
Turks and Caicos Islands,September,28.0
Tuvalu,September,27.333333333333332
U.S. Virgin Islands,September,27.455555555555556
Uganda,September,21.08499999999999
Ukraine,September,15.089473684210528
United Arab Emirates,September,32.08571428571429
United Kingdom,September,
United States of America,September,
Uruguay,September,13.583333333333334
Uzbekistan,September,20.160975609756097
Vanuatu,September,22.966666666666665
Venezuela,September,24.925619834710748
Vietnam,September,26.09622641509434
Wake Island,September,28.3
Wallis and Futuna,September,26.55
West Bank,September,21.666666666666668
Western Sahara,September,24.616666666666664
Yemen,September,29.571428571428573
Zambia,September,22.374025974025972
Zimbabwe,September,20.19594594594595
Afghanistan,October,14.506730769230767
Albania,October,15.145454545454545
Algeria,October,18.73444816053511
American Samoa,October,26.9
Andorra,October,7.0
Angola,October,22.299999999999997
Anguilla,October,28.15
Antarctica,October,-14.710416666666667
Antigua and Barbuda,October,26.74615384615384
Argentina,October,17.90491803278689
Armenia,October,9.228571428571428
Aruba,October,28.36363636363637
Ascension Island,October,24.0
Australia,October,
Austria,October,7.429906542056077
Azerbaijan,October,14.047328244274807
Bahrain,October,28.5
Bangladesh,October,27.293478260869566
Barbados,October,27.233333333333334
Belarus,October,6.210000000000003
Belgium,October,9.906451612903227
Belize,October,25.669999999999998
Benin,October,26.56052631578947
Bermuda,October,24.2
Bhutan,October,17.51111111111111
Bolivia,October,18.500555555555543
Bosnia and Herzegovina,October,10.842105263157896
Botswana,October,23.66491228070174
Brazil,October,
British Indian Ocean Territory,October,26.0
British Virgin Islands,October,27.0
Brunei,October,26.5
Bulgaria,October,11.660606060606058
Burkina Faso,October,28.84827586206898
Burundi,October,20.743478260869562
Cambodia,October,26.55757575757576
Cameroon,October,23.533812949640282
Canada,October,
Cape Verde,October,24.614285714285707
Cayman Islands,October,27.2
Central African Republic,October,24.381395348837206
Chad,October,27.580000000000005
Channel Islands,October,12.475
Chile,October,11.621666666666666
China,October,14.454166666666653
Christmas Island,October,24.7
Cocos Islands,October,26.0
Colombia,October,23.85147058823529
Comoros,October,23.209999999999997
Cook Islands,October,25.475000000000005
Costa Rica,October,24.44782608695652
Cote d'Ivoire,October,25.888405797101452
Croatia,October,13.792307692307695
Cuba,October,26.066666666666666
Curaçao,October,28.0
Cyprus,October,21.40625
Czech Republic,October,7.641935483870968
Democratic Republic of the Congo,October,23.81477272727273
Denmark,October,8.616216216216216
Djibouti,October,28.213333333333335
Dominica,October,26.0
Dominican Republic,October,25.90967741935484
East Timor,October,24.75
Ecuador,October,19.456756756756757
Egypt,October,23.832142857142852
El Salvador,October,22.666666666666668
Equatorial Guinea,October,24.031818181818178
Eritrea,October,23.814285714285717
Estonia,October,6.2518518518518515
Eswatini,October,19.838095238095235
Ethiopia,October,18.939166666666665
Europa Island,October,24.0
Falkland Islands,October,5.333333333333333
Faroe Islands,October,7.0
Federated States of Micronesia,October,27.37878787878788
Fiji,October,24.625
Finland,October,3.5594594594594593
France,October,12.411792452830188
French Guiana,October,26.35
French Polynesia,October,23.823809523809523
French Southern and Antarctic Lands,October,6.6
Gabon,October,24.900000000000006
Gaza Strip,October,22.0
Georgia,October,14.966666666666665
Germany,October,8.657738095238095
Ghana,October,26.282432432432433
Gibraltar,October,19.0
Glorioso Islands,October,27.0
Greece,October,18.019277108433734
Greenland,October,-4.861467889908257
Grenada,October,26.9
Guadeloupe,October,26.366666666666664
Guam,October,27.116666666666664
Guatemala,October,21.0
Guinea,October,25.05952380952381
Guinea-Bissau,October,27.516666666666662
Guyana,October,27.16818181818182
Haiti,October,25.616666666666664
Holy See,October,17.0
Honduras,October,25.41176470588235
Hungary,October,10.61578947368421
Iceland,October,3.2
India,October,24.84070796460178
Indian Ocean Island,October,27.0
Indonesia,October,26.77592190889372
Iran,October,17.586250000000003
Iraq,October,24.497297297297298
Ireland,October,10.48333333333333
Isle of Man,October,10.65
Israel,October,24.711111111111112
Italy,October,15.080000000000007
Jamaica,October,26.2
Japan,October,16.336363636363636
Jordan,October,21.545454545454547
Juan de Nova Island,October,26.0
Kazakhstan,October,6.1583606557377015
Kenya,October,21.177165354330715
Kiribati,October,27.639999999999997
Kosovo,October,11.425
Kuwait,October,27.142857142857142
Kyrgyzstan,October,8.866666666666665
Laos,October,24.796666666666663
Latvia,October,6.881818181818182
Lebanon,October,17.666666666666668
Lesotho,October,14.825000000000001
Liberia,October,24.95
Libya,October,22.318181818181817
Liechtenstein,October,11.833333333333334
Lithuania,October,7.057142857142857
Luxembourg,October,8.75
Macedonia,October,12.615384615384615
Madagascar,October,21.870454545454546
Malawi,October,23.868421052631582
Malaysia,October,26.02682926829268
Maldives,October,27.599999999999998
Mali,October,28.976470588235294
Malta,October,21.084615384615383
Marshall Islands,October,27.4875
Martinique,October,26.75
Mauritania,October,29.60416666666667
Mauritius,October,22.75625
Mayotte,October,25.0
Mexico,October,
Moldova,October,10.34
Monaco,October,20.2
Mongolia,October,0.5774193548387095
Montenegro,October,14.090909090909092
Montserrat,October,28.2
Morocco,October,18.852941176470587
Mozambique,October,24.5390243902439
Myanmar,October,26.461250000000007
Namibia,October,21.764583333333338
Nauru,October,28.0
Nepal,October,20.013333333333332
Netherlands,October,10.503333333333334
Netherlands Antilles,October,28.475
New Caledonia,October,22.25
New Zealand,October,11.785472972972977
Nicaragua,October,25.90909090909091
Niger,October,29.470588235294116
Nigeria,October,26.59586056644881
Niue,October,24.0
Norfolk Island,October,17.0
North Korea,October,9.9
Northern Mariana Islands,October,27.249999999999996
Norway,October,5.3295847750865075
Oceania,October,26.95
Oman,October,27.394736842105264
Pakistan,October,22.872972972972974
Palau,October,27.677777777777777
Panama,October,25.619047619047613
Papua New Guinea,October,24.832692307692305
Paracel Islands,October,27.0
Paraguay,October,22.75699481865284
Peru,October,15.45299401197605
Philippines,October,26.5972972972973
Pitcairn Islands,October,19.0
Poland,October,8.025316455696203
Portugal,October,17.229999999999997
Puerto Rico,October,25.717187499999994
Qatar,October,29.040000000000003
Republic of Congo,October,24.387500000000003
Reunion,October,23.0
Romania,October,10.01
Russia,October,0.4360837438423648
Rwanda,October,19.227777777777774
Saint Barthélemy,October,29.0
Saint Helena,October,14.333333333333334
Saint Kitts and Nevis,October,28.0
Saint Lucia,October,27.96666666666667
Saint Martin,October,28.5
Saint Pierre and Miquelon,October,8.0
Saint Vincent and the Grenadines,October,26.2
Samoa,October,26.0
San Marino,October,18.8
Sao Tome and Principe,October,25.02
Saudi Arabia,October,26.568518518518523
Senegal,October,28.903174603174598
Serbia,October,10.697560975609756
Seychelles,October,26.733333333333334
Sierra Leone,October,25.920731707317074
Singapore,October,27.03333333333333
Sint Maarten,October,27.5
Slovakia,October,7.660869565217391
Slovenia,October,9.223529411764707
Solomon Islands,October,26.375
Somalia,October,26.635087719298237
South Africa,October,17.80526315789473
South Georgia and The South Sandwich Islands,October,1.5
South Korea,October,14.10084745762712
South Sudan,October,26.34761904761905
Spain,October,16.789130434782614
Sri Lanka,October,25.333333333333332
Sudan,October,29.35119047619048
Suriname,October,27.53846153846154
Sweden,October,5.277011494252873
Switzerland,October,7.290909090909091
Syria,October,20.122222222222224
Taiwan,October,23.484
Tajikistan,October,11.661111111111108
Tanzania,October,23.131597222222226
Thailand,October,26.654929577464785
The Bahamas,October,26.00909090909091
The Gambia,October,28.500543478260848
Togo,October,25.9875
Tokelau,October,27.5
Tonga,October,23.9
Trinidad and Tobago,October,26.82
Tromelin Island,October,27.0
Tunisia,October,20.331818181818186
Turkey,October,14.37509025270758
Turkmenistan,October,14.7027027027027
Turks and Caicos Islands,October,28.0
Tuvalu,October,27.666666666666668
U.S. Virgin Islands,October,27.14444444444445
Uganda,October,21.498749999999998
Ukraine,October,8.989473684210527
United Arab Emirates,October,28.185714285714287
United Kingdom,October,
United States of America,October,
Uruguay,October,15.850000000000001
Uzbekistan,October,13.339024390243903
Vanuatu,October,23.533333333333335
Venezuela,October,24.926446280991737
Vietnam,October,24.637735849056604
Wake Island,October,27.9
Wallis and Futuna,October,26.75
West Bank,October,19.333333333333332
Western Sahara,October,23.0
Yemen,October,27.0
Zambia,October,24.294805194805186
Zimbabwe,October,22.509459459459467
Afghanistan,November,8.327184466019416
Albania,November,10.8
Algeria,November,13.67257525083612
American Samoa,November,27.22857142857143
Andorra,November,2.3
Angola,November,22.27169811320755
Anguilla,November,27.4
Antarctica,November,-9.361363636363636
Antigua and Barbuda,November,26.161538461538463
Argentina,November,20.63896595208069
Armenia,November,2.357142857142857
Aruba,November,27.818181818181824
Ascension Island,November,24.0
Australia,November,
Austria,November,1.8428571428571434
Azerbaijan,November,8.600000000000001
Bahrain,November,24.0
Bangladesh,November,23.86086956521739
Barbados,November,26.85555555555555
Belarus,November,0.8218181818181816
Belgium,November,5.33225806451613
Belize,November,24.5
Benin,November,27.099999999999998
Bermuda,November,21.28
Bhutan,November,13.066666666666666
Bolivia,November,19.08388888888888
Bosnia and Herzegovina,November,5.421052631578948
Botswana,November,24.802631578947373
Brazil,November,
British Indian Ocean Territory,November,27.0
British Virgin Islands,November,26.0
Brunei,November,26.5
Bulgaria,November,5.602857142857143
Burkina Faso,November,27.556896551724144
Burundi,November,19.98695652173913
Cambodia,November,25.839393939393933
Cameroon,November,23.740287769784175
Canada,November,
Cape Verde,November,23.338095238095242
Cayman Islands,November,26.8
Central African Republic,November,24.674418604651173
Chad,November,25.962
Channel Islands,November,9.4
Chile,November,13.557627118644067
China,November,7.871737786023497
Christmas Island,November,25.5
Cocos Islands,November,26.0
Colombia,November,23.730882352941176
Comoros,November,24.33
Cook Islands,November,25.908333333333335
Costa Rica,November,24.152173913043477
Cote d'Ivoire,November,26.278260869565223
Croatia,November,8.005128205128207
Cuba,November,24.566666666666666
Curaçao,November,27.5
Cyprus,November,17.05625
Czech Republic,November,2.2241379310344827
Democratic Republic of the Congo,November,23.639772727272724
Denmark,November,4.6
Djibouti,November,25.92666666666667
Dominica,November,25.0
Dominican Republic,November,24.74516129032258
East Timor,November,25.5
Ecuador,November,19.65945945945946
Egypt,November,19.332142857142856
El Salvador,November,22.5
Equatorial Guinea,November,24.295454545454547
Eritrea,November,22.09285714285715
Estonia,November,1.2480000000000002
Eswatini,November,20.94285714285714
Ethiopia,November,18.185833333333335
Europa Island,November,26.0
Falkland Islands,November,7.0
Faroe Islands,November,5.0
Federated States of Micronesia,November,27.403030303030302
Fiji,November,24.9375
Finland,November,-2.2285714285714286
France,November,7.58971962616822
French Guiana,November,26.175
French Polynesia,November,24.69047619047619
French Southern and Antarctic Lands,November,8.2
Gabon,November,24.814705882352943
Gaza Strip,November,19.0
Georgia,November,10.533333333333333
Germany,November,3.7674846625766873
Ghana,November,26.90675675675676
Gibraltar,November,16.0
Glorioso Islands,November,27.0
Greece,November,13.672289156626503
Greenland,November,-8.766386554621851
Grenada,November,26.6
Guadeloupe,November,25.766666666666666
Guam,November,27.05
Guatemala,November,20.09090909090909
Guinea,November,24.85714285714285
Guinea-Bissau,November,27.011111111111113
Guyana,November,26.795454545454547
Haiti,November,24.543939393939393
Holy See,November,12.0
Honduras,November,24.647058823529413
Hungary,November,4.315789473684211
Iceland,November,1.2608695652173914
India,November,21.081710914454288
Indian Ocean Island,November,27.0
Indonesia,November,26.748806941431674
Iran,November,11.24541666666667
Iraq,November,16.67972972972973
Ireland,November,7.572222222222223
Isle of Man,November,8.3
Israel,November,19.68148148148148
Italy,November,10.308673469387749
Jamaica,November,25.490909090909096
Japan,November,11.188995215311005
Jordan,November,15.363636363636363
Juan de Nova Island,November,27.0
Kazakhstan,November,-2.0047781569965872
Kenya,November,20.996062992125978
Kiribati,November,27.78
Kosovo,November,6.225
Kuwait,November,20.142857142857142
Kyrgyzstan,November,1.6696969696969697
Laos,November,22.739999999999995
Latvia,November,2.3111111111111113
Lebanon,November,14.777777777777779
Lesotho,November,16.500000000000004
Liberia,November,25.245
Libya,November,17.6
Liechtenstein,November,6.05
Lithuania,November,1.8571428571428572
Luxembourg,November,3.6125
Macedonia,November,6.207692307692308
Madagascar,November,23.03863636363636
Malawi,November,24.321052631578947
Malaysia,November,25.85853658536585
Maldives,November,27.599999999999998
Mali,November,26.637254901960787
Malta,November,17.09230769230769
Marshall Islands,November,27.375
Martinique,November,25.85
Mauritania,November,25.966666666666665
Mauritius,November,24.0
Mayotte,November,26.5
Mexico,November,
Moldova,November,4.24
Monaco,November,16.1
Mongolia,November,-10.023333333333333
Montenegro,November,8.636363636363637
Montserrat,November,28.1
Morocco,November,14.943137254901961
Mozambique,November,25.490243902439026
Myanmar,November,24.691250000000004
Namibia,November,23.06458333333333
Nauru,November,28.0
Nepal,November,15.36166666666667
Netherlands,November,5.9399999999999995
Netherlands Antilles,November,27.325
New Caledonia,November,23.733333333333334
New Zealand,November,13.508445945945946
Nicaragua,November,25.454545454545453
Niger,November,26.11764705882353
Nigeria,November,25.971023965141608
Niue,November,24.5
Norfolk Island,November,18.5
North Korea,November,2.230769230769231
Northern Mariana Islands,November,27.016666666666666
Norway,November,0.45192982456140346
Oceania,November,25.5
Oman,November,24.08421052631579
Pakistan,November,17.14324324324324
Palau,November,27.577777777777776
Panama,November,25.592063492063495
Papua New Guinea,November,25.06923076923077
Paracel Islands,November,25.5
Paraguay,November,24.4658031088083
Peru,November,16.12574850299402
Philippines,November,26.241891891891893
Pitcairn Islands,November,20.0
Poland,November,2.5256410256410255
Portugal,November,13.895000000000003
Puerto Rico,November,24.82031249999999
Qatar,November,24.119999999999997
Republic of Congo,November,24.39583333333334
Reunion,November,24.25
Romania,November,3.473170731707317
Russia,November,-9.361341463414634
Rwanda,November,18.84444444444445
Saint Barthélemy,November,28.0
Saint Helena,November,15.5
Saint Kitts and Nevis,November,27.0
Saint Lucia,November,27.066666666666666
Saint Martin,November,27.5
Saint Pierre and Miquelon,November,4.0
Saint Vincent and the Grenadines,November,26.0
Samoa,November,26.0
San Marino,November,13.6
Sao Tome and Principe,November,25.119999999999997
Saudi Arabia,November,21.410185185185192
Senegal,November,27.207936507936505
Serbia,November,4.9974358974358974
Seychelles,November,26.733333333333334
Sierra Leone,November,26.02560975609756
Singapore,November,26.183333333333334
Sint Maarten,November,26.4
Slovakia,November,1.2208333333333334
Slovenia,November,3.3388888888888886
Solomon Islands,November,26.4375
Somalia,November,25.794736842105262
South Africa,November,19.48701754385964
South Georgia and The South Sandwich Islands,November,3.0
South Korea,November,7.43050847457627
South Sudan,November,26.33333333333334
Spain,November,12.854347826086952
Sri Lanka,November,24.74761904761905
Sudan,November,26.688095238095247
Suriname,November,26.846153846153847
Sweden,November,0.3345679012345679
Switzerland,November,1.7580357142857144
Syria,November,13.733333333333333
Taiwan,November,20.144000000000002
Tajikistan,November,5.746478873239436
Tanzania,November,23.41840277777778
Thailand,November,25.466197183098597
The Bahamas,November,24.11818181818182
The Gambia,November,27.19130434782608
Togo,November,26.604166666666668
Tokelau,November,27.5
Tonga,November,24.92222222222222
Trinidad and Tobago,November,26.160000000000004
Tromelin Island,November,28.0
Tunisia,November,15.462337662337667
Turkey,November,9.072527472527472
Turkmenistan,November,8.829729729729731
Turks and Caicos Islands,November,26.0
Tuvalu,November,28.0
U.S. Virgin Islands,November,26.200000000000003
Uganda,November,21.417499999999997
Ukraine,November,3.08
United Arab Emirates,November,23.771428571428572
United Kingdom,November,
United States of America,November,
Uruguay,November,18.65833333333333
Uzbekistan,November,7.359349593495934
Vanuatu,November,24.71111111111111
Venezuela,November,24.584297520661156
Vietnam,November,22.943396226415093
Wake Island,November,27.1
Wallis and Futuna,November,27.1
West Bank,November,14.333333333333334
Western Sahara,November,20.650000000000002
Yemen,November,24.857142857142858
Zambia,November,23.73636363636364
Zimbabwe,November,22.804054054054053
Afghanistan,December,3.575728155339805
Albania,December,7.381818181818182
Algeria,December,10.096321070234117
American Samoa,December,27.24285714285714
Andorra,December,-0.6000000000000001
Angola,December,22.15094339622641
Anguilla,December,26.35
Antarctica,December,-6.858064516129031
Antigua and Barbuda,December,25.076923076923077
Argentina,December,22.887011349306473
Armenia,December,-3.5999999999999996
Aruba,December,27.181818181818176
Ascension Island,December,25.0
Australia,December,
Austria,December,-1.5343137254901957
Azerbaijan,December,3.5876923076923077
Bahrain,December,19.5
Bangladesh,December,19.971739130434788
Barbados,December,26.166666666666664
Belarus,December,-3.6799999999999997
Belgium,December,3.1758620689655177
Belize,December,23.130000000000003
Benin,December,26.64473684210526
Bermuda,December,19.0
Bhutan,December,9.500000000000002
Bolivia,December,19.019444444444446
Bosnia and Herzegovina,December,2.0
Botswana,December,25.307894736842112
Brazil,December,
British Indian Ocean Territory,December,27.0
British Virgin Islands,December,25.0
Brunei,December,26.5
Bulgaria,December,1.5225806451612902
Burkina Faso,December,24.979310344827592
Burundi,December,19.91739130434783
Cambodia,December,24.86363636363636
Cameroon,December,23.420863309352516
Canada,December,
Cape Verde,December,21.690476190476186
Cayman Islands,December,25.4
Central African Republic,December,24.07906976744186
Chad,December,24.037999999999993
Channel Islands,December,7.375
Chile,December,15.185
China,December,1.8310239117106046
Christmas Island,December,25.5
Cocos Islands,December,26.333333333333332
Colombia,December,23.691044776119398
Comoros,December,24.955000000000002
Cook Islands,December,26.3
Costa Rica,December,23.82608695652174
Cote d'Ivoire,December,25.495652173913044
Croatia,December,4.8742857142857146
Cuba,December,23.033333333333335
Curaçao,December,26.5
Cyprus,December,13.21875
Czech Republic,December,-1.5066666666666668
Democratic Republic of the Congo,December,23.578409090909098
Denmark,December,1.788888888888889
Djibouti,December,24.446666666666665
Dominica,December,24.0
Dominican Republic,December,23.387096774193548
East Timor,December,25.25
Ecuador,December,20.124324324324323
Egypt,December,15.219047619047611
El Salvador,December,22.166666666666668
Equatorial Guinea,December,24.572727272727267
Eritrea,December,20.449999999999996
Estonia,December,-2.3222222222222224
Eswatini,December,22.4
Ethiopia,December,17.801666666666666
Europa Island,December,27.0
Falkland Islands,December,8.666666666666666
Faroe Islands,December,3.0
Federated States of Micronesia,December,27.339393939393936
Fiji,December,25.75
Finland,December,-6.06923076923077
France,December,4.827570093457944
French Guiana,December,25.6375
French Polynesia,December,25.290476190476188
French Southern and Antarctic Lands,December,10.0
Gabon,December,24.90882352941177
Gaza Strip,December,15.0
Georgia,December,6.688888888888889
Germany,December,1.1595419847328245
Ghana,December,26.4527027027027
Gibraltar,December,14.0
Glorioso Islands,December,28.0
Greece,December,10.396385542168675
Greenland,December,-11.693277310924369
Grenada,December,26.35
Guadeloupe,December,24.733333333333334
Guam,December,26.683333333333334
Guatemala,December,19.0
Guinea,December,23.854761904761904
Guinea-Bissau,December,25.116666666666664
Guyana,December,25.968181818181822
Haiti,December,23.36818181818182
Holy See,December,9.0
Honduras,December,24.11764705882353
Hungary,December,1.0636363636363635
Iceland,December,-0.7857142857142857
India,December,17.93569321533924
Indian Ocean Island,December,27.0
Indonesia,December,26.387201735357912
Iran,December,6.208085106382974
Iraq,December,11.1027027027027
Ireland,December,6.11388888888889
Isle of Man,December,5.85
Israel,December,14.896296296296295
Italy,December,6.885714285714285
Jamaica,December,24.8
Japan,December,6.781909547738694
Jordan,December,10.454545454545455
Juan de Nova Island,December,28.0
Kazakhstan,December,-8.416447368421052
Kenya,December,20.951968503937007
Kiribati,December,27.55
Kosovo,December,1.1333333333333335
Kuwait,December,14.285714285714286
Kyrgyzstan,December,-3.946874999999999
Laos,December,20.276666666666667
Latvia,December,-1.7875
Lebanon,December,10.11111111111111
Lesotho,December,18.099999999999998
Liberia,December,24.490000000000002
Libya,December,13.159740259740259
Liechtenstein,December,2.65
Lithuania,December,-2.1333333333333333
Luxembourg,December,1.275
Macedonia,December,1.8692307692307693
Madagascar,December,23.827272727272746
Malawi,December,23.492105263157896
Malaysia,December,25.582926829268295
Maldives,December,26.933333333333334
Mali,December,23.66274509803922
Malta,December,13.83846153846154
Marshall Islands,December,27.175
Martinique,December,24.950000000000003
Mauritania,December,21.899999999999995
Mauritius,December,25.3
Mayotte,December,27.0
Mexico,December,
Moldova,December,-0.35
Monaco,December,11.5
Mongolia,December,-17.858426966292136
Montenegro,December,6.333333333333333
Montserrat,December,27.2
Morocco,December,11.808823529411766
Mozambique,December,25.76341463414634
Myanmar,December,22.320000000000007
Namibia,December,23.802083333333332
Nauru,December,27.0
Nepal,December,11.303333333333335
Netherlands,December,3.9366666666666665
Netherlands Antilles,December,26.7
New Caledonia,December,25.16111111111111
New Zealand,December,15.468918918918922
Nicaragua,December,25.272727272727273
Niger,December,22.705882352941178
Nigeria,December,24.82984749455336
Niue,December,25.5
Norfolk Island,December,20.0
North Korea,December,-5.264705882352941
Northern Mariana Islands,December,26.599999999999994
Norway,December,-2.5816901408450708
Oceania,December,24.825000000000003
Oman,December,20.973684210526315
Pakistan,December,12.166216216216215
Palau,December,27.388888888888886
Panama,December,25.547619047619044
Papua New Guinea,December,25.174999999999997
Paracel Islands,December,24.0
Paraguay,December,26.17202072538859
Peru,December,16.817065868263477
Philippines,December,25.674324324324324
Pitcairn Islands,December,22.0
Poland,December,-0.975
Portugal,December,11.83
Puerto Rico,December,23.707812500000006
Qatar,December,19.6
Republic of Congo,December,24.462500000000002
Reunion,December,26.0
Romania,December,-0.7714285714285715
Russia,December,-15.495272727272718
Rwanda,December,18.97777777777778
Saint Barthélemy,December,27.0
Saint Helena,December,16.833333333333332
Saint Kitts and Nevis,December,26.0
Saint Lucia,December,26.53333333333333
Saint Martin,December,26.5
Saint Pierre and Miquelon,December,
Saint Vincent and the Grenadines,December,25.4
Samoa,December,26.0
San Marino,December,8.9
Sao Tome and Principe,December,25.36
Saudi Arabia,December,17.18333333333334
Senegal,December,24.43333333333334
Serbia,December,0.641025641025641
Seychelles,December,26.733333333333334
Sierra Leone,December,25.14024390243903
Singapore,December,26.016666666666666
Sint Maarten,December,25.6
Slovakia,December,-2.491304347826087
Slovenia,December,-0.3333333333333333
Solomon Islands,December,26.5625
Somalia,December,25.192982456140346
South Africa,December,21.00280701754386
South Georgia and The South Sandwich Islands,December,3.5
South Korea,December,2.2613636363636362
South Sudan,December,25.876190476190477
Spain,December,10.37536231884058
Sri Lanka,December,24.223809523809525
Sudan,December,23.67380952380952
Suriname,December,25.846153846153847
Sweden,December,-3.926086956521739
Switzerland,December,-1.5896226415094343
Syria,December,8.633333333333333
Taiwan,December,16.904
Tajikistan,December,0.7611111111111112
Tanzania,December,23.22673611111112
Thailand,December,24.052112676056343
The Bahamas,December,22.563636363636366
The Gambia,December,24.531521739130437
Togo,December,26.212500000000002
Tokelau,December,27.5
Tonga,December,25.555555555555557
Trinidad and Tobago,December,25.619999999999997
Tromelin Island,December,29.0
Tunisia,December,11.831168831168826
Turkey,December,5.131983805668016
Turkmenistan,December,3.869444444444445
Turks and Caicos Islands,December,25.0
Tuvalu,December,28.0
U.S. Virgin Islands,December,25.211111111111112
Uganda,December,21.54
Ukraine,December,-1.079591836734694
United Arab Emirates,December,20.314285714285713
United Kingdom,December,
United States of America,December,
Uruguay,December,21.395833333333332
Uzbekistan,December,2.3983471074380174
Vanuatu,December,25.405555555555555
Venezuela,December,23.94380165289256
Vietnam,December,21.022641509433964
Wake Island,December,26.2
Wallis and Futuna,December,27.5
West Bank,December,9.666666666666666
Western Sahara,December,17.8
Yemen,December,23.714285714285715
Zambia,December,22.587012987012997
Zimbabwe,December,22.377027027027022
